10/20/2010,25.26,25.4,25.1,25.31
10/21/2010,25.4,25.54,25.05,25.42
10/22/2010,25.52,25.54,25.27,25.38
10/25/2010,25.24,25.35,25.17,25.19
10/26/2010,25.12,25.97,25.06,25.9
10/27/2010,25.79,26.11,25.62,26.05
10/28/2010,26.21,26.38,25.92,26.28
10/29/2010,27.15,27.2,26.48,26.67
11/1/2010,26.88,27.22,26.7,26.95
11/2/2010,27.06,27.42,27.02,27.39
11/3/2010,27.46,27.49,26.96,27.03
11/4/2010,27.41,27.43,27.01,27.14
11/5/2010,27.17,27.19,26.53,26.85
11/8/2010,26.68,27.05,26.58,26.81
11/9/2010,26.81,27.11,26.71,26.95
11/10/2010,27.01,27.08,26.81,26.94
11/11/2010,26.68,26.72,26.28,26.68
11/12/2010,26.47,26.52,26.1,26.27
11/15/2010,26.33,26.5,26.17,26.2
11/16/2010,26.04,26.04,25.65,25.81
11/17/2010,25.9,25.91,25.55,25.57
11/18/2010,25.71,26.08,25.61,25.84
11/19/2010,25.8,25.83,25.6,25.69
11/22/2010,25.65,25.74,25.44,25.73
11/23/2010,25.57,25.6,25.09,25.12
11/24/2010,25.2,25.46,25.16,25.37
11/26/2010,25.21,25.41,25.17,25.34
11/29/2010,25.19,25.42,24.93,25.31
11/30/2010,25.05,25.47,25,25.26
12/1/2010,25.57,26.25,25.56,26.04
12/2/2010,26.24,26.98,26.2,26.89
12/3/2010,26.81,27.06,26.78,27.02
12/6/2010,26.93,26.98,26.76,26.84
12/7/2010,27.08,27.13,26.85,26.87
12/8/2010,26.83,27.24,26.8,27.23
12/9/2010,27.28,27.34,27.01,27.08
12/10/2010,27.19,27.4,27.11,27.34
12/13/2010,27.27,27.45,27.17,27.25
12/14/2010,27.31,27.75,27.26,27.62
12/15/2010,27.53,27.99,27.53,27.85
12/16/2010,27.76,27.99,27.66,27.99
12/17/2010,27.92,28.09,27.75,27.9
12/20/2010,27.95,27.99,27.68,27.81
12/21/2010,27.85,28.14,27.76,28.07
12/22/2010,28.01,28.4,27.98,28.19
12/23/2010,27.97,28.32,27.96,28.3
12/27/2010,28.12,28.2,27.88,28.07
12/28/2010,27.97,28.17,27.96,28.01
12/29/2010,27.94,28.12,27.88,27.97
12/30/2010,27.92,28,27.78,27.85
12/31/2010,27.8,27.92,27.63,27.91
1/3/2011,28.05,28.18,27.92,27.98
1/4/2011,27.94,28.17,27.85,28.09
1/5/2011,27.9,28.01,27.77,28
1/6/2011,28.04,28.85,27.86,28.82
1/7/2011,28.64,28.74,28.25,28.6
1/10/2011,28.26,28.4,28.04,28.22
1/11/2011,28.2,28.25,28.05,28.11
1/12/2011,28.12,28.59,28.07,28.55
1/13/2011,28.33,28.39,28.01,28.19
1/14/2011,28.08,28.38,27.91,28.3
1/18/2011,28.16,28.74,28.14,28.66
1/19/2011,28.46,28.68,28.27,28.47
1/20/2011,28.5,28.55,28.13,28.35
1/21/2011,28.4,28.43,28.02,28.02
1/24/2011,28.02,28.56,27.99,28.38
1/25/2011,28.14,28.45,28.12,28.45
1/26/2011,28.51,28.99,28.5,28.78
1/27/2011,28.75,29.46,28.49,28.87
1/28/2011,28.9,28.93,27.45,27.75
1/31/2011,27.77,27.9,27.42,27.73
2/1/2011,27.8,28.06,27.61,27.99
2/2/2011,27.93,28.11,27.88,27.94
2/3/2011,27.97,27.97,27.54,27.65
2/4/2011,27.7,27.84,27.51,27.77
2/7/2011,27.8,28.34,27.79,28.2
2/8/2011,28.1,28.34,28.05,28.28
2/9/2011,28.19,28.26,27.91,27.97
2/10/2011,27.93,27.94,27.29,27.5
2/11/2011,27.76,27.81,27.07,27.25
2/14/2011,27.21,27.27,26.95,27.23
2/15/2011,27.04,27.33,26.95,26.96
2/16/2011,27.05,27.07,26.6,27.02
2/17/2011,26.97,27.37,26.91,27.21
2/18/2011,27.13,27.21,26.99,27.06
2/22/2011,26.78,27.1,26.52,26.59
2/23/2011,26.53,26.86,26.43,26.59
2/24/2011,26.64,27.06,26.5,26.77
2/25/2011,26.91,26.95,26.5,26.55
2/28/2011,26.69,26.86,26.51,26.58
3/1/2011,26.6,26.78,26.15,26.16
3/2/2011,26.11,26.37,26.04,26.08
3/3/2011,26.26,26.4,26.18,26.2
3/4/2011,26.22,26.24,25.8,25.95
3/7/2011,26.13,26.27,25.55,25.72
3/8/2011,25.77,26.02,25.65,25.91
3/9/2011,25.81,25.98,25.66,25.89
3/10/2011,25.62,25.71,25.35,25.41
3/11/2011,25.41,25.85,25.36,25.68
3/14/2011,25.49,25.76,25.35,25.69
3/15/2011,25.08,25.47,25,25.39
3/16/2011,25.22,25.28,24.68,24.79
3/17/2011,25.06,25.22,24.75,24.78
3/18/2011,25.06,25.18,24.8,24.8
3/21/2011,25.18,25.58,25.15,25.33
3/22/2011,25.3,25.46,25.23,25.3
3/23/2011,25.23,25.61,25.18,25.54
3/24/2011,25.6,25.87,25.5,25.81
3/25/2011,25.93,25.95,25.59,25.62
3/28/2011,25.66,25.72,25.38,25.41
3/29/2011,25.34,25.52,25.3,25.49
3/30/2011,25.6,25.72,25.5,25.61
3/31/2011,25.6,25.68,25.34,25.39
4/1/2011,25.53,25.53,25.31,25.48
4/4/2011,25.45,25.66,25.41,25.55
4/5/2011,25.82,26.18,25.74,25.78
4/6/2011,25.98,26.31,25.86,26.15
4/7/2011,26.19,26.26,25.97,26.2
4/8/2011,26.17,26.28,25.96,26.07
4/11/2011,26.19,26.25,25.8,25.98
4/12/2011,25.83,25.85,25.55,25.64
4/13/2011,25.65,25.87,25.56,25.63
4/14/2011,25.42,25.44,25.09,25.42
4/15/2011,25.46,25.56,25.18,25.37
4/18/2011,25.1,25.28,24.72,25.08
4/19/2011,25,25.17,24.87,25.15
4/20/2011,25.54,26,25.51,25.76
4/21/2011,25.79,25.89,25.36,25.52
4/25/2011,25.56,25.62,25.34,25.61
4/26/2011,25.74,26.44,25.67,26.19
4/27/2011,26.3,26.39,26.13,26.38
4/28/2011,26.46,26.87,26.4,26.71
4/29/2011,26.55,26.64,25.36,25.92
5/2/2011,25.94,26,25.48,25.66
5/3/2011,25.6,25.85,25.49,25.81
5/4/2011,25.85,26.25,25.79,26.06
5/5/2011,26.05,26.08,25.68,25.79
5/6/2011,26.07,26.22,25.75,25.87
5/9/2011,25.8,25.96,25.67,25.83
5/10/2011,25.38,25.85,25.25,25.67
5/11/2011,25.65,25.66,25.21,25.36
5/12/2011,25.35,25.39,25.1,25.32
5/13/2011,25.28,25.32,24.95,25.03
5/16/2011,24.96,25.07,24.5,24.57
5/17/2011,24.4,24.7,24.27,24.52
5/18/2011,24.53,24.74,24.25,24.69
5/19/2011,24.85,24.88,24.5,24.72
5/20/2011,24.72,24.87,24.44,24.49
5/23/2011,24.21,24.25,24.03,24.17
5/24/2011,24.2,24.29,24.04,24.15
5/25/2011,24.17,24.31,24.16,24.19
5/26/2011,24.35,25.03,24.32,24.67
5/27/2011,24.68,24.9,24.65,24.76
5/31/2011,24.96,25.06,24.7,25.01
6/1/2011,24.99,25.1,24.37,24.43
6/2/2011,24.49,24.65,24.18,24.22
6/3/2011,24.05,24.14,23.84,23.91
6/6/2011,23.89,24.25,23.77,24.01
6/7/2011,24.09,24.17,23.9,24.06
6/8/2011,23.9,24.02,23.86,23.94
6/9/2011,24.01,24.04,23.82,23.96
6/10/2011,24.02,24.02,23.69,23.71
6/13/2011,23.79,24.19,23.7,24.04
6/14/2011,24.3,24.45,24.19,24.22
6/15/2011,24,24.01,23.67,23.74
6/16/2011,23.75,24.1,23.65,24
6/17/2011,24.22,24.3,23.98,24.26
6/20/2011,24.17,24.66,24.16,24.47
6/21/2011,24.52,24.86,24.4,24.76
6/22/2011,24.6,24.81,24.59,24.65
6/23/2011,24.44,24.65,24.2,24.63
6/24/2011,24.51,24.54,24.19,24.3
6/27/2011,24.23,25.46,24.23,25.2
6/28/2011,25.3,25.92,25.16,25.8
6/29/2011,25.71,25.71,25.36,25.62
6/30/2011,25.74,26,25.66,26
7/1/2011,25.93,26.17,25.84,26.02
7/5/2011,26.1,26.15,25.9,26.03
7/6/2011,25.97,26.37,25.96,26.33
7/7/2011,26.49,26.88,26.36,26.77
7/8/2011,26.54,26.98,26.51,26.92
7/11/2011,26.62,26.8,26.49,26.63
7/12/2011,26.55,26.79,26.34,26.54
7/13/2011,26.6,26.96,26.51,26.63
7/14/2011,26.62,27.01,26.36,26.47
7/15/2011,26.47,26.93,26.47,26.78
7/18/2011,26.63,26.9,26.26,26.59
7/19/2011,26.81,27.64,26.78,27.54
7/20/2011,27.28,27.35,26.98,27.06
7/21/2011,27.04,27.31,26.65,27.1
7/22/2011,26.86,27.55,26.68,27.53
7/25/2011,27.26,28.09,27.19,27.91
7/26/2011,27.82,28.15,27.78,28.08
7/27/2011,27.88,27.99,27.2,27.33
7/28/2011,27.29,28.07,27.21,27.72
7/29/2011,27.52,27.71,27.26,27.4
8/1/2011,27.51,27.69,26.75,27.27
8/2/2011,26.98,27.45,26.76,26.8
8/3/2011,26.83,27,26.48,26.92
8/4/2011,26.53,26.87,25.93,25.94
8/5/2011,25.97,26.1,25.23,25.68
8/8/2011,25.02,25.6,24.39,24.48
8/9/2011,24.71,25.62,24.03,25.58
8/10/2011,24.95,25.09,24.1,24.2
8/11/2011,24.5,25.38,24.4,25.19
8/12/2011,25.13,25.34,24.65,25.1
8/15/2011,25.24,25.58,25.15,25.51
8/16/2011,25.22,25.59,25.05,25.35
8/17/2011,25.25,25.7,24.93,25.25
8/18/2011,24.57,25.09,24.03,24.67
8/19/2011,24.41,24.62,23.91,24.05
8/22/2011,24.42,24.49,23.79,23.98
8/23/2011,24.03,24.75,24.03,24.72
8/24/2011,24.65,24.93,24.42,24.9
8/25/2011,25.08,25.16,24.5,24.57
8/26/2011,24.51,25.34,24.42,25.25
8/29/2011,25.53,25.86,25.37,25.84
8/30/2011,25.73,26.43,25.7,26.23
8/31/2011,26.29,26.71,26.26,26.6
9/1/2011,26.46,26.86,26.21,26.21
9/2/2011,25.78,26,25.66,25.8
9/6/2011,25.2,25.59,25.11,25.51
9/7/2011,25.69,26,25.57,26
9/8/2011,26,26.66,25.95,26.22
9/9/2011,26,26.18,25.5,25.74
9/12/2011,25.44,25.93,25.27,25.89
9/13/2011,25.92,26.19,25.81,26.04
9/14/2011,26.17,26.8,25.89,26.5
9/15/2011,26.73,27.03,26.31,26.99
9/16/2011,27.05,27.27,26.83,27.12
9/19/2011,26.8,27.31,26.6,27.21
9/20/2011,27.31,27.5,26.93,26.98
9/21/2011,27.05,27.06,25.97,25.99
9/22/2011,25.3,25.65,24.6,25.06
9/23/2011,24.9,25.15,24.69,25.06
9/26/2011,25.19,25.52,24.73,25.44
9/27/2011,25.66,25.92,25.45,25.67
9/28/2011,25.93,26.37,25.51,25.58
9/29/2011,25.98,26.17,25.09,25.45
9/30/2011,25.2,25.5,24.88,24.89
10/3/2011,24.72,25.34,24.52,24.53
10/4/2011,24.3,25.39,24.26,25.34
10/5/2011,25.42,26.16,25.16,25.89
10/6/2011,25.9,26.4,25.7,26.34
10/7/2011,26.34,26.51,26.2,26.25
10/10/2011,26.58,26.97,26.47,26.94
10/11/2011,26.86,27.07,26.72,27
10/12/2011,27.18,27.31,26.9,26.96
10/13/2011,26.76,27.2,26.62,27.18
10/14/2011,27.31,27.5,27.02,27.27
10/17/2011,27.11,27.42,26.85,26.98
10/18/2011,26.94,27.4,26.8,27.31
10/19/2011,27.37,27.47,27.01,27.13
10/20/2011,27.26,27.34,26.4,27.04
10/21/2011,27.15,27.19,26.8,27.16
10/24/2011,27.06,27.4,27.04,27.19
10/25/2011,27.08,27.23,26.72,26.81
10/26/2011,27.03,27.06,26.1,26.59
10/27/2011,27.13,27.4,26.65,27.25
10/28/2011,27.14,27.19,26.79,26.98
10/31/2011,26.76,27,26.62,26.63
11/1/2011,26.19,26.32,25.86,25.99
11/2/2011,26.1,26.2,25.7,26.01
11/3/2011,26.24,26.59,25.98,26.53
11/4/2011,26.38,26.4,26,26.25
11/7/2011,26.21,26.82,26.13,26.8
11/8/2011,27.01,27.2,26.69,27.16
11/9/2011,26.59,26.75,26.06,26.2
11/10/2011,26.47,26.5,26.12,26.28
11/11/2011,26.58,27.08,26.57,26.91
11/14/2011,26.88,27,26.65,26.76
11/15/2011,26.56,26.94,26.4,26.74
11/16/2011,26.47,26.51,26.04,26.07
11/17/2011,26.01,26.04,25.44,25.54
11/18/2011,25.48,25.5,25.15,25.3
11/21/2011,25.24,25.25,24.9,25
11/22/2011,24.89,24.96,24.65,24.79
11/23/2011,24.61,24.79,24.47,24.47
11/25/2011,24.38,24.67,24.3,24.3
11/28/2011,24.94,24.97,24.69,24.87
11/29/2011,24.82,25.04,24.75,24.84
11/30/2011,25.37,25.59,25.14,25.58
12/1/2011,25.56,25.63,25.2,25.28
12/2/2011,25.59,25.62,25.16,25.22
12/5/2011,25.78,25.8,25.5,25.7
12/6/2011,25.81,25.87,25.61,25.66
12/7/2011,25.67,25.76,25.34,25.6
12/8/2011,25.48,25.72,25.37,25.4
12/9/2011,25.52,25.87,25.5,25.7
12/12/2011,25.41,25.57,25.29,25.51
12/13/2011,25.75,26.1,25.65,25.76
12/14/2011,25.72,25.86,25.57,25.59
12/15/2011,25.72,25.88,25.54,25.56
12/16/2011,25.67,26.17,25.63,26
12/19/2011,26.02,26.12,25.46,25.53
12/20/2011,25.86,26.1,25.81,26.03
12/21/2011,26.01,26.19,25.44,25.76
12/22/2011,25.82,25.86,25.48,25.81
12/23/2011,25.91,26.04,25.73,26.03
12/27/2011,25.96,26.14,25.93,26.04
12/28/2011,26.11,26.15,25.76,25.82
12/29/2011,25.95,26.05,25.86,26.02
12/30/2011,26,26.12,25.91,25.96
1/3/2012,26.55,26.96,26.39,26.77
1/4/2012,26.82,27.47,26.78,27.4
1/5/2012,27.38,27.73,27.29,27.68
1/6/2012,27.53,28.19,27.53,28.11
1/9/2012,28.05,28.1,27.72,27.74
1/10/2012,27.93,28.15,27.75,27.84
1/11/2012,27.43,27.98,27.37,27.72
1/12/2012,27.87,28.02,27.65,28
1/13/2012,27.93,28.25,27.79,28.25
1/17/2012,28.4,28.65,28.17,28.26
1/18/2012,28.31,28.4,27.97,28.23
1/19/2012,28.16,28.44,28.03,28.12
1/20/2012,28.82,29.74,28.75,29.71
1/23/2012,29.55,29.95,29.35,29.73
1/24/2012,29.47,29.57,29.18,29.34
1/25/2012,29.07,29.65,29.07,29.56
1/26/2012,29.61,29.7,29.4,29.5
1/27/2012,29.45,29.53,29.17,29.23
1/30/2012,28.97,29.62,28.83,29.61
1/31/2012,29.66,29.7,29.23,29.53
2/1/2012,29.79,30.05,29.76,29.89
2/2/2012,29.9,30.17,29.71,29.95
2/3/2012,30.14,30.4,30.09,30.24
2/6/2012,30.04,30.22,29.97,30.2
2/7/2012,30.15,30.49,30.05,30.35
2/8/2012,30.26,30.67,30.22,30.66
2/9/2012,30.68,30.8,30.48,30.77
2/10/2012,30.64,30.8,30.36,30.5
2/13/2012,30.63,30.77,30.43,30.58
2/14/2012,30.33,30.46,29.85,30.25
2/15/2012,30.33,30.39,30.03,30.05
2/16/2012,30.31,31.55,30.3,31.29
2/17/2012,31.2,31.32,30.95,31.25
2/21/2012,31.18,31.61,31.15,31.44
2/22/2012,31.45,31.68,31.18,31.27
2/23/2012,31.2,31.59,31,31.37
2/24/2012,31.48,31.5,31.24,31.48
2/27/2012,31.24,31.5,31.1,31.35
2/28/2012,31.41,31.93,31.38,31.87
2/29/2012,31.89,32,31.61,31.74
3/1/2012,31.93,32.39,31.85,32.29
3/2/2012,32.31,32.44,32,32.08
3/5/2012,32.01,32.05,31.62,31.8
3/6/2012,31.54,31.98,31.49,31.56
3/7/2012,31.67,31.92,31.53,31.84
3/8/2012,32.04,32.21,31.9,32.01
3/9/2012,32.1,32.16,31.92,31.99
3/12/2012,31.97,32.2,31.82,32.04
3/13/2012,32.24,32.69,32.15,32.67
3/14/2012,32.53,32.88,32.49,32.77
3/15/2012,32.79,32.94,32.58,32.85
3/16/2012,32.91,32.95,32.5,32.6
3/19/2012,32.54,32.61,32.15,32.2
3/20/2012,32.1,32.15,31.74,31.99
3/21/2012,31.96,32.15,31.82,31.91
3/22/2012,31.81,32.09,31.79,32
3/23/2012,32.1,32.11,31.72,32.01
3/26/2012,32.19,32.61,32.16,32.59
3/27/2012,32.65,32.7,32.4,32.52
3/28/2012,32.52,32.7,32.04,32.19
3/29/2012,32.06,32.19,31.81,32.12
3/30/2012,32.4,32.41,32.04,32.26
4/2/2012,32.22,32.46,31.95,32.29
4/3/2012,32.16,32.19,31.66,31.94
4/4/2012,31.66,31.69,31.05,31.21
4/5/2012,31.15,31.63,31.05,31.52
4/9/2012,31.22,31.4,30.97,31.1
4/10/2012,31.06,31.19,30.3,30.47
4/11/2012,30.43,30.53,30.23,30.35
4/12/2012,30.48,31.04,30.42,30.98
4/13/2012,30.89,31.16,30.72,30.81
4/16/2012,30.99,31.19,30.77,31.08
4/17/2012,31.27,31.61,31.2,31.44
4/18/2012,31.28,31.31,31.04,31.14
4/19/2012,31.13,31.68,30.94,31.01
4/20/2012,32.15,32.89,32.05,32.42
4/23/2012,32.31,32.5,32.03,32.12
4/24/2012,32.21,32.52,31.83,31.92
4/25/2012,31.92,32.32,31.87,32.2
4/26/2012,32.12,32.23,31.92,32.11
4/27/2012,32.12,32.22,31.88,31.98
4/30/2012,31.98,32.11,31.92,32.02
5/1/2012,32.05,32.34,31.95,32.01
5/2/2012,31.85,31.93,31.64,31.8
5/3/2012,31.88,31.9,31.61,31.76
5/4/2012,31.45,31.57,30.92,30.98
5/7/2012,30.7,30.86,30.57,30.65
5/8/2012,30.48,30.78,30.17,30.5
5/9/2012,30.19,30.83,30.1,30.76
5/10/2012,30.86,31.02,30.45,30.74
5/11/2012,30.69,31.54,30.69,31.16
5/14/2012,30.82,31.04,30.64,30.68
5/15/2012,30.64,30.8,30.15,30.21
5/16/2012,30.31,30.32,29.74,29.9
5/17/2012,29.99,30.21,29.71,29.72
5/18/2012,29.79,29.81,29.17,29.27
5/21/2012,29.1,29.79,29.06,29.75
5/22/2012,29.69,29.88,29.5,29.76
5/23/2012,29.35,29.4,28.64,29.11
5/24/2012,29.16,29.3,28.76,29.07
5/25/2012,29.2,29.36,29.01,29.06
5/29/2012,29.38,29.72,29.22,29.56
5/30/2012,29.35,29.48,29.12,29.34
5/31/2012,29.3,29.42,28.94,29.19
6/1/2012,28.76,28.96,28.44,28.45
6/4/2012,28.62,28.78,28.32,28.55
6/5/2012,28.51,28.75,28.39,28.51
6/6/2012,28.88,29.37,28.81,29.35
6/7/2012,29.64,29.7,29.17,29.23
6/8/2012,29.21,29.68,29.05,29.65
6/11/2012,29.73,29.81,28.82,28.9
6/12/2012,29.1,29.3,28.84,29.29
6/13/2012,29.22,29.44,29.05,29.13
6/14/2012,29.33,29.46,28.88,29.34
6/15/2012,29.59,30.08,29.49,30.02
6/18/2012,29.99,30.03,29.71,29.84
6/19/2012,30.19,31.11,30.05,30.7
6/20/2012,30.93,31.05,30.64,30.93
6/21/2012,30.96,31.14,30.06,30.14
6/22/2012,30.3,30.73,30.03,30.7
6/25/2012,30.3,30.32,29.62,29.87
6/26/2012,30,30.27,29.94,30.02
6/27/2012,30.19,30.5,30.03,30.17
6/28/2012,29.98,30.05,29.42,29.91
6/29/2012,30.45,30.69,30.14,30.59
7/2/2012,30.62,30.62,30.21,30.56
7/3/2012,30.23,30.76,30.17,30.76
7/5/2012,30.59,30.78,30.38,30.7
7/6/2012,30.61,30.7,29.95,30.19
7/9/2012,30.12,30.23,29.78,30
7/10/2012,30.08,30.22,29.51,29.74
7/11/2012,29.71,29.74,29.11,29.3
7/12/2012,29.15,29.18,28.54,28.63
7/13/2012,28.76,29.48,28.72,29.39
7/16/2012,29.48,29.53,29.04,29.44
7/17/2012,29.64,29.86,29.2,29.66
7/18/2012,29.6,30.45,29.46,30.45
7/19/2012,30.51,30.8,30.38,30.67
7/20/2012,31,31.05,30.05,30.12
7/23/2012,29.57,29.58,29.01,29.28
7/24/2012,29.24,29.36,28.9,29.15
7/25/2012,29.24,29.33,28.78,28.83
7/26/2012,29.23,29.5,29.09,29.16
7/27/2012,29.48,29.85,29.18,29.76
7/30/2012,29.75,29.82,29.46,29.64
7/31/2012,29.48,29.71,29.33,29.47
8/1/2012,29.59,29.65,29.21,29.41
8/2/2012,29.21,29.53,28.97,29.19
8/3/2012,29.53,29.94,29.48,29.75
8/6/2012,30,30.11,29.81,29.95
8/7/2012,30.07,30.35,29.87,30.26
8/8/2012,30.21,30.47,30.11,30.33
8/9/2012,30.39,30.65,30.3,30.5
8/10/2012,30.5,30.62,30.25,30.42
8/13/2012,30.35,30.46,30.16,30.39
8/14/2012,30.3,30.39,30.01,30.13
8/15/2012,30.11,30.28,30.02,30.2
8/16/2012,30.36,30.94,30.26,30.78
8/17/2012,30.92,30.92,30.59,30.9
8/20/2012,30.82,30.85,30.58,30.74
8/21/2012,30.76,30.96,30.61,30.8
8/22/2012,30.59,30.76,30.47,30.54
8/23/2012,30.39,30.4,30.08,30.26
8/24/2012,30.25,30.63,30.18,30.56
8/27/2012,30.93,30.96,30.59,30.69
8/28/2012,30.7,30.8,30.52,30.63
8/29/2012,30.65,30.75,30.44,30.65
8/30/2012,30.53,30.61,30.22,30.32
8/31/2012,30.6,30.96,30.38,30.82
9/4/2012,30.45,30.66,30.15,30.39
9/5/2012,30.22,30.53,30.21,30.39
9/6/2012,30.5,31.36,30.46,31.35
9/7/2012,31.04,31.07,30.73,30.95
9/10/2012,30.83,30.9,30.51,30.72
9/11/2012,30.69,30.91,30.61,30.79
9/12/2012,30.94,31.18,30.73,30.78
9/13/2012,30.89,31.18,30.4,30.94
9/14/2012,31.01,31.25,30.81,31.21
9/17/2012,31.19,31.26,31.04,31.21
9/18/2012,31.1,31.21,31.03,31.18
9/19/2012,31.09,31.19,31.04,31.05
9/20/2012,30.95,31.48,30.91,31.45
9/21/2012,31.43,31.61,31.09,31.19
9/24/2012,31,31.07,30.64,30.78
9/25/2012,30.95,31,30.36,30.39
9/26/2012,30.28,30.6,30.04,30.17
9/27/2012,30.17,30.4,29.89,30.16
9/28/2012,30.18,30.26,29.74,29.76
10/1/2012,29.81,29.98,29.42,29.49
10/2/2012,29.68,29.89,29.5,29.66
10/3/2012,29.75,29.99,29.67,29.86
10/4/2012,29.97,30.03,29.57,30.03
10/5/2012,30.23,30.25,29.74,29.85
10/8/2012,29.64,29.92,29.55,29.78
10/9/2012,29.68,29.74,29.18,29.28
10/10/2012,29.15,29.31,28.95,28.98
10/11/2012,29.22,29.25,28.87,28.95
10/12/2012,28.97,29.32,28.8,29.2
10/15/2012,29.37,29.72,29.25,29.51
10/16/2012,29.45,29.74,29.32,29.49
10/17/2012,29.3,29.64,29.09,29.59
10/18/2012,29.65,29.73,29.26,29.5
10/19/2012,29.05,29.08,28.5,28.64
10/22/2012,28.73,28.83,27.83,28
10/23/2012,27.77,28.2,27.76,28.05
10/24/2012,28.16,28.2,27.87,27.9
10/25/2012,28.19,28.2,27.86,27.88
10/26/2012,27.86,28.34,27.84,28.21
10/31/2012,28.55,28.88,28.5,28.54
11/1/2012,28.84,29.56,28.82,29.52
11/2/2012,29.59,29.77,29.33,29.5
11/5/2012,29.62,29.74,29.33,29.63
11/6/2012,29.82,30.2,29.61,29.86
11/7/2012,29.53,29.83,29.05,29.08
11/8/2012,29.12,29.37,28.8,28.81
11/9/2012,28.88,29.19,28.81,28.83
11/12/2012,28.94,29.01,28.21,28.22
11/13/2012,27.02,27.3,26.75,27.09
11/14/2012,27.24,27.29,26.8,26.84
11/15/2012,26.88,26.97,26.63,26.66
11/16/2012,26.67,26.7,26.34,26.52
11/19/2012,26.8,26.8,26.47,26.73
11/20/2012,26.76,26.8,26.46,26.71
11/21/2012,26.71,27.17,26.67,26.95
11/23/2012,27.23,27.77,27.2,27.7
11/26/2012,27.54,27.58,27.17,27.39
11/27/2012,27.36,27.38,27.04,27.08
11/28/2012,27.01,27.39,26.77,27.36
11/29/2012,27.11,27.36,26.86,26.95
11/30/2012,27.05,27.13,26.49,26.62
12/3/2012,26.78,26.82,26.4,26.43
12/4/2012,26.5,26.63,26.34,26.37
12/5/2012,26.38,26.93,26.26,26.67
12/6/2012,26.81,26.98,26.61,26.73
12/7/2012,26.82,26.82,26.37,26.46
12/10/2012,26.56,26.97,26.52,26.94
12/11/2012,27.05,27.49,27.05,27.32
12/12/2012,27.53,27.62,27.08,27.24
12/13/2012,27.32,27.52,26.95,27.11
12/14/2012,27.11,27.13,26.7,26.81
12/17/2012,26.79,27.22,26.68,27.1
12/18/2012,27.25,27.63,27.14,27.56
12/19/2012,27.69,27.73,27.25,27.31
12/20/2012,27.36,27.68,27.15,27.68
12/21/2012,27.45,27.49,27,27.45
12/24/2012,27.2,27.25,27,27.06
12/26/2012,27.03,27.2,26.7,26.86
12/27/2012,26.89,27.09,26.57,26.96
12/28/2012,26.71,26.9,26.55,26.55
12/31/2012,26.59,26.77,26.37,26.71
1/2/2013,27.25,27.73,27.15,27.62
1/3/2013,27.63,27.65,27.16,27.25
1/4/2013,27.27,27.34,26.73,26.74
1/7/2013,26.77,26.88,26.64,26.69
1/8/2013,26.75,26.79,26.46,26.55
1/9/2013,26.72,26.75,26.56,26.7
1/10/2013,26.65,26.98,26.29,26.46
1/11/2013,26.49,26.93,26.28,26.83
1/14/2013,26.9,27.08,26.76,26.89
1/15/2013,26.83,27.29,26.83,27.21
1/16/2013,27.15,27.23,27.01,27.04
1/17/2013,27.19,27.47,27.06,27.25
1/18/2013,27.1,27.29,27.04,27.25
1/22/2013,27.3,27.45,27,27.15
1/23/2013,27.2,27.64,27.2,27.61
1/24/2013,27.7,28.07,27.47,27.63
1/25/2013,27.58,28.23,27.39,27.88
1/28/2013,28.01,28.23,27.76,27.91
1/29/2013,27.82,28.13,27.6,28.01
1/30/2013,28.01,28.19,27.76,27.85
1/31/2013,27.79,27.97,27.4,27.45
2/1/2013,27.67,28.05,27.55,27.93
2/4/2013,27.87,28.02,27.42,27.44
2/5/2013,27.62,27.66,27.36,27.5
2/6/2013,27.38,27.54,27.25,27.34
2/7/2013,27.35,27.39,27.1,27.28
2/8/2013,27.35,27.71,27.31,27.55
2/11/2013,27.65,27.92,27.5,27.86
2/12/2013,27.88,28,27.75,27.88
2/13/2013,27.93,28.11,27.88,28.03
2/14/2013,27.92,28.06,27.87,28.04
2/15/2013,28.04,28.16,27.88,28.01
2/19/2013,27.88,28.09,27.8,28.05
2/20/2013,28.13,28.2,27.83,27.87
2/21/2013,27.74,27.74,27.23,27.49
2/22/2013,27.68,27.76,27.48,27.76
2/25/2013,27.97,28.05,27.37,27.37
2/26/2013,27.38,27.6,27.34,27.37
2/27/2013,27.42,28,27.33,27.81
2/28/2013,27.88,27.97,27.74,27.8
3/1/2013,27.72,27.98,27.52,27.95
3/4/2013,27.85,28.15,27.7,28.15
3/5/2013,28.29,28.54,28.16,28.35
3/6/2013,28.21,28.23,27.78,28.09
3/7/2013,28.11,28.28,28.01,28.14
3/8/2013,28.25,28.33,27.96,28
3/11/2013,27.94,27.97,27.67,27.87
3/12/2013,27.84,27.95,27.64,27.91
3/13/2013,27.87,28.02,27.75,27.92
3/14/2013,28,28.16,27.93,28.14
3/15/2013,28.03,28.16,27.98,28.04
3/18/2013,27.88,28.28,27.81,28.1
3/19/2013,28.12,28.22,28.03,28.18
3/20/2013,28.34,28.49,28.18,28.32
3/21/2013,28.11,28.36,28.05,28.11
3/22/2013,28.19,28.34,28.1,28.25
3/25/2013,28.3,28.35,27.96,28.16
3/26/2013,28.24,28.34,28.11,28.16
3/27/2013,28.14,28.45,28.08,28.37
3/28/2013,28.32,28.66,28.26,28.61
4/1/2013,28.64,28.66,28.36,28.61
4/2/2013,28.59,28.85,28.52,28.8
4/3/2013,28.75,28.95,28.54,28.56
4/4/2013,28.39,28.61,28.27,28.6
4/5/2013,28.22,28.78,28.11,28.7
4/8/2013,28.73,28.73,28.47,28.59
4/9/2013,28.73,29.82,28.68,29.61
4/10/2013,29.57,30.32,29.52,30.28
4/11/2013,29.1,29.2,28.73,28.94
4/12/2013,28.85,29.02,28.66,28.79
4/15/2013,28.65,28.98,28.51,28.69
4/16/2013,28.9,29.14,28.7,28.97
4/17/2013,28.85,29.04,28.6,28.83
4/18/2013,28.95,28.98,28.5,28.79
4/19/2013,29.62,30.24,29.61,29.77
4/22/2013,30.3,31.18,30.27,30.83
4/23/2013,30.7,30.9,30.38,30.6
4/24/2013,30.62,31.92,30.6,31.76
4/25/2013,31.71,32.84,31.54,31.94
4/26/2013,31.9,31.98,31.45,31.79
4/29/2013,31.8,32.68,31.77,32.61
4/30/2013,32.56,33.11,32.28,33.1
5/1/2013,32.93,33.08,32.6,32.72
5/2/2013,32.63,33.17,32.39,33.16
5/3/2013,33.23,33.52,33.08,33.49
5/6/2013,33.42,33.91,33.25,33.75
5/7/2013,33.65,33.79,33.24,33.31
5/8/2013,33.07,33.24,32.65,32.99
5/9/2013,32.85,33,32.59,32.66
5/10/2013,32.67,32.72,32.32,32.69
5/13/2013,32.61,33.07,32.55,33.03
5/14/2013,32.86,33.53,32.8,33.53
5/15/2013,33.45,33.9,33.43,33.85
5/16/2013,33.64,34.15,33.55,34.08
5/17/2013,34.13,34.87,34.1,34.87
5/20/2013,34.73,35.1,34.68,35.08
5/21/2013,35.1,35.27,34.72,34.85
5/22/2013,34.79,34.84,34.36,34.61
5/23/2013,34.23,34.55,33.9,34.15
5/24/2013,33.92,34.28,33.9,34.27
5/28/2013,34.42,35.18,34.41,35.02
5/29/2013,34.74,35.02,34.57,34.88
5/30/2013,34.85,35.25,34.81,35.03
5/31/2013,34.82,35.28,34.79,34.9
6/3/2013,34.92,35.63,34.83,35.59
6/4/2013,35.62,35.74,34.77,34.99
6/5/2013,34.6,34.89,34.43,34.78
6/6/2013,34.84,35.11,34.49,34.96
6/7/2013,35.25,35.78,35.06,35.67
6/10/2013,35.51,35.65,35.14,35.47
6/11/2013,35.05,35.18,34.68,34.84
6/12/2013,35.14,35.27,34.85,35
6/13/2013,34.99,35.02,34.59,34.72
6/14/2013,34.55,34.69,34.25,34.4
6/17/2013,34.69,35.16,34.63,35
6/18/2013,34.97,35.17,34.9,34.98
6/19/2013,34.96,35.09,34.59,34.59
6/20/2013,34.26,34.33,33.37,33.49
6/21/2013,33.66,33.73,33.05,33.27
6/24/2013,32.94,34.2,32.57,33.72
6/25/2013,34.08,34.38,33.46,33.67
6/26/2013,34.12,34.48,33.89,34.35
6/27/2013,34.52,34.78,34.5,34.62
6/28/2013,34.38,34.79,34.34,34.55
7/1/2013,34.75,34.99,34.33,34.36
7/2/2013,34.41,34.44,33.63,33.94
7/3/2013,33.66,34.37,33.6,34.01
7/5/2013,34.09,34.24,33.58,34.21
7/8/2013,34.35,34.59,33.98,34.33
7/9/2013,34.58,34.6,34.14,34.35
7/10/2013,34.34,34.81,34.32,34.7
7/11/2013,35,35.77,34.9,35.69
7/12/2013,35.58,35.73,35.28,35.67
7/15/2013,35.66,36.22,35.58,36.17
7/16/2013,36.01,36.43,35.96,36.27
7/17/2013,36.34,36.39,35.49,35.74
7/18/2013,35.72,35.89,35.22,35.44
7/19/2013,32.4,32.67,31.02,31.4
7/22/2013,31.7,32.01,31.6,32.01
7/23/2013,31.91,32.04,31.71,31.82
7/24/2013,32.04,32.19,31.89,31.96
7/25/2013,31.62,31.65,31.25,31.39
7/26/2013,31.26,31.62,31.21,31.62
7/29/2013,31.47,31.6,31.4,31.54
7/30/2013,31.78,32.12,31.55,31.85
7/31/2013,31.97,32.05,31.71,31.84
8/1/2013,32.06,32.09,31.6,31.67
8/2/2013,31.69,31.9,31.57,31.89
8/5/2013,31.9,32,31.64,31.7
8/6/2013,31.55,31.67,31.38,31.58
8/7/2013,31.54,32.1,31.25,32.06
8/8/2013,32.24,33.07,32.05,32.89
8/9/2013,32.77,32.9,32.47,32.7
8/12/2013,32.46,32.97,32.46,32.87
8/13/2013,32.51,32.55,32.21,32.23
8/14/2013,32.14,33.36,31.7,32.35
8/15/2013,32,32.18,30.84,31.79
8/16/2013,31.79,31.99,31.66,31.8
8/19/2013,31.76,31.97,31.38,31.39
8/20/2013,31.44,31.9,31.37,31.62
8/21/2013,31.61,32.01,31.54,31.61
8/22/2013,32.19,32.49,32.1,32.39
8/23/2013,35.17,35.2,34,34.75
8/26/2013,34.4,34.67,34.03,34.15
8/27/2013,33.52,34.1,33.15,33.26
8/28/2013,33.39,33.6,33,33.02
8/29/2013,32.93,33.6,32.8,33.55
8/30/2013,33.37,33.48,33.09,33.4
9/3/2013,31.75,32.07,31.29,31.88
9/4/2013,31.39,31.47,31.11,31.2
9/5/2013,31.1,31.44,30.95,31.24
9/6/2013,31.31,31.39,31.13,31.15
9/9/2013,31.22,31.79,31.2,31.66
9/10/2013,31.9,32.4,31.79,32.39
9/11/2013,32.57,32.93,32.53,32.74
9/12/2013,32.72,32.78,32.59,32.69
9/13/2013,32.77,33.07,32.51,33.03
9/16/2013,33.38,33.5,32.73,32.8
9/17/2013,33.42,33.47,32.9,32.93
9/18/2013,32.99,33.4,32.83,33.32
9/19/2013,33.48,33.68,33.32,33.64
9/20/2013,33.41,33.48,32.69,32.79
9/23/2013,32.54,32.97,32.5,32.74
9/24/2013,32.87,32.87,32.15,32.46
9/25/2013,32.49,32.8,32.4,32.51
9/26/2013,32.64,33,32.59,32.77
9/27/2013,32.88,33.75,32.87,33.27
9/30/2013,33,33.31,32.7,33.28
10/1/2013,33.35,33.61,33.3,33.58
10/2/2013,33.36,34.03,33.29,33.92
10/3/2013,33.88,34,33.42,33.86
10/4/2013,33.69,33.99,33.62,33.88
10/7/2013,33.6,33.71,33.2,33.3
10/8/2013,33.31,33.33,32.8,33.01
10/9/2013,33.07,33.35,32.96,33.07
10/10/2013,33.31,33.89,33.26,33.76
10/11/2013,33.68,34.14,33.68,34.13
10/14/2013,33.9,34.5,33.78,34.45
10/15/2013,34.67,34.99,34.47,34.49
10/16/2013,34.6,34.9,34.56,34.64
10/17/2013,34.45,34.99,34.37,34.92
10/18/2013,34.82,34.99,34.33,34.96
10/21/2013,34.98,35.2,34.91,34.99
10/22/2013,35.02,35.1,34.52,34.58
10/23/2013,34.35,34.49,33.67,33.76
10/24/2013,33.82,34.1,33.57,33.72
10/25/2013,35.88,36.29,35.47,35.73
10/28/2013,35.61,35.73,35.27,35.57
10/29/2013,35.63,35.72,35.26,35.52
10/30/2013,35.53,35.79,35.43,35.54
10/31/2013,35.66,35.69,35.34,35.41
11/1/2013,35.67,35.69,35.39,35.53
11/4/2013,35.59,35.98,35.55,35.94
11/5/2013,35.79,36.71,35.77,36.64
11/6/2013,37.24,38.22,37.06,38.18
11/7/2013,37.96,38.01,37.43,37.5
11/8/2013,37.67,37.78,37.34,37.78
11/11/2013,37.69,37.78,37.36,37.59
11/12/2013,37.38,37.6,37.2,37.36
11/13/2013,36.98,38.16,36.9,38.16
11/14/2013,37.87,38.13,37.72,38.02
11/15/2013,37.95,38.02,37.72,37.84
11/18/2013,37.35,37.58,37.07,37.2
11/19/2013,36.85,37.23,36.67,36.74
11/20/2013,36.92,37.41,36.86,37.08
11/21/2013,37.27,37.53,37.26,37.4
11/22/2013,37.53,37.68,37.33,37.57
11/25/2013,37.93,37.95,37.57,37.64
11/26/2013,37.57,37.65,37.35,37.35
11/27/2013,37.57,37.76,37.49,37.6
11/29/2013,37.82,38.29,37.82,38.13
12/2/2013,38.09,38.78,38.06,38.45
12/3/2013,38.14,38.49,38.08,38.31
12/4/2013,38.21,38.98,38.12,38.94
12/5/2013,38.85,38.88,37.18,38
12/6/2013,38.42,38.55,37.99,38.36
12/9/2013,38.56,38.87,38.37,38.71
12/10/2013,38.61,38.9,38.02,38.11
12/11/2013,38.06,38.3,37.39,37.61
12/12/2013,37.64,37.64,37.18,37.22
12/13/2013,37.42,37.45,36.62,36.69
12/16/2013,36.73,37,36.54,36.89
12/17/2013,36.94,37.11,36.33,36.52
12/18/2013,36.36,36.6,35.53,36.58
12/19/2013,36.51,36.55,36.08,36.25
12/20/2013,36.2,36.93,36.19,36.8
12/23/2013,36.81,36.89,36.55,36.62
12/24/2013,36.72,37.17,36.64,37.08
12/26/2013,37.2,37.49,37.17,37.44
12/27/2013,37.58,37.62,37.17,37.29
12/30/2013,37.22,37.38,36.9,37.29
12/31/2013,37.4,37.58,37.22,37.41
1/2/2014,37.35,37.4,37.1,37.16
1/3/2014,37.2,37.22,36.6,36.91
1/6/2014,36.85,36.89,36.11,36.13
1/7/2014,36.33,36.49,36.21,36.41
1/8/2014,36,36.14,35.58,35.76
1/9/2014,35.88,35.91,35.4,35.53
1/10/2014,35.9,36.15,35.75,36.04
1/13/2014,35.99,36.02,34.83,34.98
1/14/2014,34.73,35.88,34.63,35.78
1/15/2014,35.9,36.79,35.85,36.76
1/16/2014,36.69,37,36.31,36.89
1/17/2014,36.83,36.83,36.15,36.38
1/21/2014,36.82,36.82,36.06,36.17
1/22/2014,36.26,36.32,35.75,35.93
1/23/2014,36.09,36.13,35.52,36.06
1/24/2014,37.45,37.55,36.53,36.81
1/27/2014,36.87,36.89,35.98,36.03
1/28/2014,36.12,36.39,35.75,36.27
1/29/2014,35.98,36.88,35.9,36.66
1/30/2014,36.79,36.88,36.23,36.86
1/31/2014,36.95,37.89,36.56,37.84
2/3/2014,37.74,37.99,36.43,36.48
2/4/2014,36.97,37.19,36.25,36.35
2/5/2014,36.29,36.47,35.8,35.82
2/6/2014,35.8,36.25,35.69,36.18
2/7/2014,36.32,36.59,36.01,36.56
2/10/2014,36.63,36.8,36.29,36.8
2/11/2014,36.88,37.26,36.86,37.18
2/12/2014,37.35,37.6,37.3,37.47
2/13/2014,37.33,37.86,37.33,37.61
2/14/2014,37.39,37.78,37.33,37.62
2/18/2014,37.63,37.78,37.41,37.42
2/19/2014,37.22,37.75,37.21,37.51
2/20/2014,37.57,37.87,37.4,37.75
2/21/2014,37.94,38.35,37.86,37.98
2/24/2014,37.69,37.98,37.54,37.69
2/25/2014,37.61,37.85,37.35,37.54
2/26/2014,37.58,37.74,37.19,37.47
2/27/2014,37.45,37.89,37.23,37.86
2/28/2014,37.98,38.46,37.82,38.31
3/3/2014,37.92,38.13,37.5,37.78
3/4/2014,38.2,38.48,38.07,38.41
3/5/2014,38.25,38.27,37.93,38.11
3/6/2014,38.14,38.24,37.89,38.15
3/7/2014,38.28,38.36,37.69,37.9
3/10/2014,37.99,38.01,37.72,37.82
3/11/2014,37.87,38.23,37.72,38.02
3/12/2014,37.8,38.43,37.79,38.27
3/13/2014,38.42,38.45,37.64,37.89
3/14/2014,37.65,38.14,37.51,37.7
3/17/2014,37.9,38.41,37.79,38.05
3/18/2014,38.26,39.9,38.22,39.55
3/19/2014,39.47,39.55,38.91,39.27
3/20/2014,39.25,40.65,39.24,40.33
3/21/2014,40.72,40.94,40.01,40.16
3/24/2014,40.34,40.64,39.86,40.5
3/25/2014,40.66,40.99,39.96,40.34
3/26/2014,40.48,40.71,39.6,39.79
3/27/2014,39.74,39.97,39.34,39.36
3/28/2014,39.79,40.64,39.68,40.3
3/31/2014,40.43,41.5,40.4,40.99
4/1/2014,41.15,41.59,41.07,41.42
4/2/2014,41.44,41.66,41.17,41.35
4/3/2014,41.29,41.29,40.71,41.01
4/4/2014,41.25,41.39,39.64,39.87
4/7/2014,39.96,40.27,39.74,39.8
4/8/2014,39.75,39.93,39.2,39.82
4/9/2014,39.93,40.55,39.88,40.47
4/10/2014,40.44,40.69,39.09,39.36
4/11/2014,39,39.79,39,39.21
4/14/2014,39.11,39.41,38.9,39.18
4/15/2014,39.34,39.96,39.05,39.75
4/16/2014,40.06,40.42,39.91,40.4
4/17/2014,40.01,40.2,39.51,40.01
4/21/2014,40.13,40.15,39.79,39.94
4/22/2014,39.96,40.14,39.83,39.99
4/23/2014,39.99,39.99,39.47,39.69
4/24/2014,39.74,39.97,39.3,39.86
4/25/2014,40.29,40.68,39.75,39.91
4/28/2014,40.14,41.29,40.09,40.87
4/29/2014,41.1,41.19,40.39,40.51
4/30/2014,40.4,40.5,40.17,40.4
5/1/2014,40.24,40.36,39.95,40
5/2/2014,40.31,40.34,39.66,39.69
5/5/2014,39.52,39.64,39.3,39.43
5/6/2014,39.29,39.35,38.95,39.06
5/7/2014,39.22,39.51,38.51,39.43
5/8/2014,39.34,39.9,38.97,39.64
5/9/2014,39.54,39.85,39.37,39.54
5/12/2014,39.74,40.02,39.65,39.97
5/13/2014,39.92,40.5,39.85,40.42
5/14/2014,40.3,40.45,40.05,40.24
5/15/2014,40.09,40.4,39.51,39.6
5/16/2014,39.67,39.84,39.27,39.83
5/19/2014,39.61,39.82,39.46,39.75
5/20/2014,39.68,39.94,39.46,39.68
5/21/2014,39.8,40.35,39.74,40.35
5/22/2014,40.29,40.35,39.85,40.1
5/23/2014,40.37,40.37,40,40.12
5/27/2014,40.26,40.26,39.81,40.19
5/28/2014,40.14,40.19,39.82,40.01
5/29/2014,40.15,40.35,39.91,40.34
5/30/2014,40.45,40.97,40.25,40.94
6/2/2014,40.95,41.09,40.68,40.79
6/3/2014,40.6,40.68,40.25,40.29
6/4/2014,40.21,40.37,39.86,40.32
6/5/2014,40.59,41.25,40.4,41.21
6/6/2014,41.48,41.66,41.24,41.48
6/9/2014,41.39,41.48,41.02,41.27
6/10/2014,41.03,41.16,40.86,41.11
6/11/2014,40.93,41.07,40.77,40.86
6/12/2014,40.81,40.88,40.29,40.58
6/13/2014,41.1,41.57,40.86,41.23
6/16/2014,41.04,41.61,41.04,41.5
6/17/2014,41.29,41.91,40.34,41.68
6/18/2014,41.61,41.74,41.18,41.65
6/19/2014,41.57,41.77,41.33,41.51
6/20/2014,41.45,41.83,41.38,41.68
6/23/2014,41.73,42,41.69,41.99
6/24/2014,41.83,41.94,41.56,41.75
6/25/2014,41.7,42.05,41.46,42.03
6/26/2014,41.93,41.94,41.43,41.72
6/27/2014,41.61,42.29,41.51,42.25
6/30/2014,42.17,42.21,41.7,41.7
7/1/2014,41.86,42.15,41.69,41.87
7/2/2014,41.73,41.9,41.53,41.9
7/3/2014,41.91,41.99,41.56,41.8
7/7/2014,41.75,42.12,41.71,41.99
7/8/2014,41.87,42,41.61,41.78
7/9/2014,41.98,41.99,41.53,41.67
7/10/2014,41.37,42,41.05,41.69
7/11/2014,41.7,42.09,41.48,42.09
7/14/2014,42.22,42.45,42.04,42.14
7/15/2014,42.33,42.47,42.03,42.45
7/16/2014,42.51,44.31,42.48,44.08
7/17/2014,45.45,45.71,44.25,44.53
7/18/2014,44.65,44.84,44.25,44.69
7/21/2014,44.56,45.16,44.22,44.84
7/22/2014,45,45.15,44.59,44.83
7/23/2014,45.45,45.45,44.62,44.87
7/24/2014,44.93,45,44.32,44.4
7/25/2014,44.3,44.66,44.3,44.5
7/28/2014,44.36,44.51,43.93,43.97
7/29/2014,43.91,44.09,43.64,43.89
7/30/2014,44.07,44.1,43.29,43.58
7/31/2014,43.38,43.69,43.08,43.16
8/1/2014,43.21,43.25,42.6,42.86
8/4/2014,42.97,43.47,42.81,43.37
8/5/2014,43.31,43.46,42.83,43.08
8/6/2014,42.74,43.17,42.21,42.74
8/7/2014,42.84,43.45,42.65,43.23
8/8/2014,43.23,43.32,42.91,43.2
8/11/2014,43.26,43.45,43.02,43.2
8/12/2014,43.04,43.59,43,43.52
8/13/2014,43.68,44.18,43.52,44.08
8/14/2014,44.08,44.42,44.01,44.27
8/15/2014,44.58,44.9,44.4,44.79
8/18/2014,44.94,45.11,44.68,45.11
8/19/2014,44.97,45.34,44.83,45.33
8/20/2014,45.34,45.4,44.9,44.95
8/21/2014,44.84,45.25,44.83,45.22
8/22/2014,45.35,45.47,45.07,45.15
8/25/2014,45.4,45.44,45.04,45.17
8/26/2014,45.31,45.4,44.94,45.01
8/27/2014,44.9,45,44.76,44.87
8/28/2014,44.75,44.98,44.61,44.88
8/29/2014,45.09,45.44,44.86,45.43
9/2/2014,45.43,45.46,44.85,45.09
9/3/2014,44.53,45.11,44.53,44.96
9/4/2014,44.74,45.27,44.72,45.26
9/5/2014,45.11,45.93,45.11,45.91
9/8/2014,46.02,46.8,45.99,46.47
9/9/2014,46.47,46.97,46.42,46.76
9/10/2014,46.82,46.94,46.28,46.84
9/11/2014,46.74,47,46.47,47
9/12/2014,46.91,47.02,46.6,46.7
9/15/2014,46.54,46.71,46.1,46.24
9/16/2014,46.39,46.85,46.29,46.76
9/17/2014,46.26,46.69,46.23,46.52
9/18/2014,46.59,46.83,46.46,46.68
9/19/2014,46.81,47.57,46.6,47.52
9/22/2014,47.3,47.38,46.98,47.06
9/23/2014,46.85,46.98,46.47,46.56
9/24/2014,46.63,47.11,46.34,47.08
9/25/2014,46.88,47.09,46.03,46.04
9/26/2014,45.93,46.62,45.76,46.41
9/29/2014,45.98,46.56,45.76,46.44
9/30/2014,46.37,46.48,46.01,46.36
10/1/2014,46.27,46.53,45.85,45.9
10/2/2014,45.83,46.1,45.64,45.76
10/3/2014,45.98,46.3,45.61,46.09
10/6/2014,46.12,46.3,45.92,46.09
10/7/2014,45.86,45.93,45.42,45.53
10/8/2014,45.48,46.89,45.34,46.78
10/9/2014,46.5,46.8,45.74,45.85
10/10/2014,45.6,46.12,43.95,44.03
10/13/2014,43.82,44.56,43.49,43.65
10/14/2014,43.87,44.38,43.56,43.73
10/15/2014,43,43.39,42.1,43.22
10/16/2014,42.53,43.08,42.22,42.74
10/17/2014,43.2,43.94,42.79,43.63
10/20/2014,43.06,44.14,42.81,44.08
10/21/2014,44.36,44.98,44.19,44.88
10/22/2014,45,45.07,44.23,44.38
10/23/2014,44.62,45.45,44.53,45.02
10/24/2014,46.83,46.9,45.18,46.13
10/27/2014,45.71,46.1,45.71,45.91
10/28/2014,45.86,46.5,45.77,46.49
10/29/2014,46.44,46.7,46.34,46.62
10/30/2014,46.32,46.32,45.77,46.05
10/31/2014,46.94,46.97,46.48,46.95
11/3/2014,46.89,47.46,46.73,47.44
11/4/2014,47.3,47.73,47.25,47.57
11/5/2014,47.8,47.9,47.26,47.86
11/6/2014,47.86,48.86,47.79,48.7
11/7/2014,48.92,48.92,48.29,48.68
11/10/2014,48.65,49.15,48.55,48.89
11/11/2014,48.85,48.93,48.65,48.87
11/12/2014,48.56,48.92,48.52,48.78
11/13/2014,48.81,49.65,48.71,49.61
11/14/2014,49.74,50.05,49.39,49.58
11/17/2014,49.41,49.71,49.14,49.46
11/18/2014,49.13,49.33,48.7,48.74
11/19/2014,48.66,48.75,47.93,48.22
11/20/2014,48,48.7,47.87,48.7
11/21/2014,49.02,49.05,47.57,47.98
11/24/2014,47.99,48,47.39,47.59
11/25/2014,47.66,47.97,47.45,47.47
11/26/2014,47.49,47.99,47.28,47.75
11/28/2014,47.95,48.2,47.61,47.81
12/1/2014,47.88,48.78,47.71,48.62
12/2/2014,48.84,49.05,48.2,48.46
12/3/2014,48.44,48.5,47.81,48.08
12/4/2014,48.39,49.06,48.2,48.84
12/5/2014,48.82,48.97,48.38,48.42
12/8/2014,48.26,48.35,47.45,47.7
12/9/2014,47.11,47.92,47.05,47.59
12/10/2014,47.58,47.66,46.7,46.9
12/11/2014,47.08,47.74,46.68,47.17
12/12/2014,46.78,47.73,46.67,46.95
12/15/2014,47.2,47.67,46.55,46.67
12/16/2014,45.9,46.34,45.13,45.16
12/17/2014,45.05,45.95,44.9,45.74
12/18/2014,46.58,47.52,46.34,47.52
12/19/2014,47.63,48.1,47.17,47.66
12/22/2014,47.78,48.12,47.71,47.98
12/23/2014,48.37,48.8,48.13,48.45
12/24/2014,48.64,48.64,48.08,48.14
12/26/2014,48.41,48.41,47.82,47.88
12/29/2014,47.7,47.78,47.26,47.45
12/30/2014,47.44,47.62,46.84,47.02
12/31/2014,46.73,47.44,46.45,46.45
1/2/2015,46.66,47.42,46.54,46.76
1/5/2015,46.37,46.73,46.25,46.33
1/6/2015,46.38,46.75,45.54,45.65
1/7/2015,45.98,46.46,45.49,46.23
1/8/2015,46.75,47.75,46.72,47.59
1/9/2015,47.61,47.82,46.9,47.19
1/12/2015,47.42,47.54,46.36,46.6
1/13/2015,46.97,47.91,46.06,46.36
1/14/2015,45.96,46.24,45.62,45.96
1/15/2015,46.22,46.38,45.41,45.48
1/16/2015,45.31,46.28,45.17,46.24
1/20/2015,46.3,46.65,45.57,46.39
1/21/2015,45.94,46.14,45.48,45.92
1/22/2015,46.38,47.14,46.08,47.13
1/23/2015,47.36,47.39,46.8,47.18
1/26/2015,47,47.13,46.24,47.01
1/27/2015,42.95,43.2,42.11,42.66
1/28/2015,42.74,42.79,41.16,41.19
1/29/2015,40.93,42.12,40.79,42.01
1/30/2015,41.55,41.58,40.35,40.4
2/2/2015,40.59,41.37,40.23,41.28
2/3/2015,41.63,41.93,41.05,41.6
2/4/2015,41.94,42.21,41.36,41.84
2/5/2015,42.22,42.64,41.86,42.45
2/6/2015,42.68,42.79,42.15,42.41
2/9/2015,42.24,42.74,42.21,42.36
2/10/2015,42.74,42.77,42.18,42.6
2/11/2015,42.65,42.65,42.21,42.38
2/12/2015,42.66,43.09,42.51,43.09
2/13/2015,43.38,43.87,43.15,43.87
2/17/2015,43.97,44,43.19,43.58
2/18/2015,43.63,43.7,43.39,43.53
2/19/2015,43.18,43.53,43.05,43.5
2/20/2015,43.51,43.88,43.29,43.86
2/23/2015,43.7,44.19,43.65,44.15
2/24/2015,44.15,44.3,43.92,44.09
2/25/2015,43.95,44.09,43.8,43.99
2/26/2015,43.99,44.23,43.89,44.06
2/27/2015,44.13,44.2,43.66,43.85
3/2/2015,43.67,44.19,43.55,43.88
3/3/2015,43.56,43.83,43.09,43.28
3/4/2015,43.01,43.21,42.88,43.06
3/5/2015,43.07,43.24,42.82,43.11
3/6/2015,43,43.11,42.15,42.36
3/9/2015,42.19,43.13,42.19,42.85
3/10/2015,42.35,42.71,42.03,42.03
3/11/2015,42.31,42.37,41.84,41.98
3/12/2015,41.33,41.65,40.86,41.02
3/13/2015,40.7,41.47,40.61,41.38
3/16/2015,41.47,41.64,41.28,41.56
3/17/2015,41.37,41.83,41.15,41.7
3/18/2015,41.43,42.83,41.33,42.5
3/19/2015,42.26,42.59,42.22,42.29
3/20/2015,42.56,42.98,42.49,42.88
3/23/2015,42.88,43.13,42.78,42.86
3/24/2015,42.78,43.17,42.75,42.9
3/25/2015,42.92,42.93,41.44,41.46
3/26/2015,41.22,41.61,40.92,41.21
3/27/2015,41.12,41.43,40.83,40.97
3/30/2015,41.1,41.54,40.91,40.96
3/31/2015,40.78,41.03,40.54,40.66
4/1/2015,40.6,40.76,40.31,40.72
4/2/2015,40.66,40.74,40.12,40.29
4/6/2015,40.34,41.78,40.18,41.55
4/7/2015,41.61,41.91,41.31,41.53
4/8/2015,41.46,41.69,41.04,41.42
4/9/2015,41.25,41.62,41.25,41.48
4/10/2015,41.63,41.95,41.41,41.72
4/13/2015,41.4,42.06,41.39,41.76
4/14/2015,41.8,42.03,41.39,41.65
4/15/2015,41.76,42.46,41.68,42.26
4/16/2015,41.95,42.34,41.82,42.16
4/17/2015,41.67,41.74,41.16,41.62
4/20/2015,41.73,43.17,41.68,42.91
4/21/2015,43,43.15,42.53,42.64
4/22/2015,42.67,43.13,42.55,42.99
4/23/2015,42.89,43.61,42.8,43.34
4/24/2015,45.66,48.14,45.65,47.87
4/27/2015,47.23,48.13,47.22,48.03
4/28/2015,47.78,49.21,47.7,49.16
4/29/2015,48.72,49.31,48.5,49.06
4/30/2015,48.7,49.54,48.6,48.64
5/1/2015,48.58,48.88,48.4,48.66
5/4/2015,48.37,48.87,48.18,48.24
5/5/2015,47.82,48.16,47.31,47.6
5/6/2015,47.57,47.77,46.02,46.28
5/7/2015,46.27,47.09,46.16,46.7
5/8/2015,47.55,47.98,47.52,47.75
5/11/2015,47.55,47.91,47.37,47.37
5/12/2015,46.85,47.68,46.42,47.35
5/13/2015,48.19,48.32,47.57,47.63
5/14/2015,48.03,48.82,48.03,48.72
5/15/2015,48.87,48.91,48.05,48.3
5/18/2015,47.98,48.22,47.61,48.01
5/19/2015,47.56,47.81,47.18,47.58
5/20/2015,47.39,47.93,47.27,47.58
5/21/2015,47.28,47.6,47.01,47.42
5/22/2015,47.3,47.35,46.82,46.9
5/26/2015,46.83,46.88,46.19,46.59
5/27/2015,46.82,47.77,46.62,47.61
5/28/2015,47.5,48.02,47.39,47.45
5/29/2015,47.43,47.57,46.59,46.86
6/1/2015,47.06,47.77,46.62,47.23
6/2/2015,46.93,47.35,46.62,46.92
6/3/2015,47.37,47.74,46.82,46.85
6/4/2015,46.79,47.16,46.2,46.36
6/5/2015,46.31,46.52,45.84,46.14
6/8/2015,46.3,46.43,45.67,45.73
6/9/2015,45.76,45.94,45.46,45.65
6/10/2015,45.79,46.83,45.69,46.61
6/11/2015,46.66,46.92,46.13,46.44
6/12/2015,46.22,46.47,45.9,45.97
6/15/2015,45.45,45.65,45.02,45.48
6/16/2015,45.35,46.24,45.3,45.83
6/17/2015,45.73,46.07,45.36,45.97
6/18/2015,46.22,46.8,46.17,46.72
6/19/2015,46.79,46.83,45.99,46.1
6/22/2015,46.33,46.72,46.16,46.23
6/23/2015,46.13,46.28,45.62,45.91
6/24/2015,45.67,46.25,45.55,45.64
6/25/2015,46.03,46.06,45.5,45.65
6/26/2015,45.65,46.28,45.03,45.26
6/29/2015,45.04,45.23,44.36,44.37
6/30/2015,44.71,44.72,43.94,44.15
7/1/2015,44.46,45.23,44.1,44.45
7/2/2015,44.48,44.75,44.06,44.4
7/6/2015,43.96,44.48,43.95,44.39
7/7/2015,44.34,44.49,43.32,44.3
7/8/2015,44.44,44.9,44.03,44.24
7/9/2015,44.75,45.22,44.5,44.52
7/10/2015,45.01,45.14,44.57,44.61
7/13/2015,44.98,45.62,44.95,45.54
7/14/2015,45.45,45.96,45.31,45.62
7/15/2015,45.68,45.89,45.43,45.76
7/16/2015,46.01,46.69,45.97,46.66
7/17/2015,46.55,46.78,46.26,46.62
7/20/2015,46.65,47.13,46.44,46.92
7/21/2015,46.78,47.33,46.48,47.28
7/22/2015,45.44,46.93,45.2,45.54
7/23/2015,45.27,46.23,45.1,46.11
7/24/2015,45.91,46.32,45.8,45.94
7/27/2015,45.94,46.01,45.25,45.35
7/28/2015,45.58,45.64,44.79,45.34
7/29/2015,45.4,46.78,45.26,46.29
7/30/2015,46.26,47.4,45.93,46.88
7/31/2015,47.29,47.37,46.5,46.7
8/3/2015,46.98,47,46.45,46.81
8/4/2015,46.75,47.71,46.68,47.54
8/5/2015,47.98,48.41,47.54,47.58
8/6/2015,47.71,47.77,46.33,46.62
8/7/2015,46.39,46.78,46.26,46.74
8/10/2015,46.95,47.49,46.84,47.33
8/11/2015,46.82,46.94,45.9,46.41
8/12/2015,46.19,46.9,45.71,46.74
8/13/2015,47.06,47.1,46.49,46.73
8/14/2015,46.53,47.1,46.52,47
8/17/2015,46.81,47.45,46.57,47.32
8/18/2015,46.84,47.43,46.7,47.27
8/19/2015,46.78,47.08,46.3,46.61
8/20/2015,46.07,46.47,45.66,45.66
8/21/2015,45.3,45.48,43.07,43.07
8/24/2015,40.45,43.31,39.72,41.68
8/25/2015,42.57,43.24,40.39,40.47
8/26/2015,42.01,42.84,41.06,42.71
8/27/2015,43.23,43.95,42.93,43.9
8/28/2015,43.4,44.15,43.39,43.93
8/31/2015,43.56,43.93,43.1,43.52
9/1/2015,42.17,42.59,41.66,41.82
9/2/2015,42.36,43.38,41.88,43.36
9/3/2015,43.41,43.98,43.28,43.5
9/4/2015,42.81,43.04,42.2,42.61
9/8/2015,43.3,44,43.2,43.89
9/9/2015,44.21,44.4,42.91,43.07
9/10/2015,43.12,43.79,42.75,43.29
9/11/2015,43.14,43.59,42.94,43.48
9/14/2015,43.43,43.44,42.86,43.04
9/15/2015,43.19,44.29,43.08,43.98
9/16/2015,43.97,44.38,43.84,44.3
9/17/2015,44.29,45,44.08,44.25
9/18/2015,43.5,43.99,43.33,43.48
9/21/2015,43.62,44.47,43.6,44.11
9/22/2015,43.38,44.05,43.31,43.9
9/23/2015,43.93,44.17,43.51,43.87
9/24/2015,43.45,44.13,43.27,43.91
9/25/2015,44.48,44.73,43.76,43.94
9/28/2015,43.83,44.09,43.21,43.29
9/29/2015,43.37,43.57,43.05,43.44
9/30/2015,43.88,44.3,43.66,44.26
10/1/2015,44.75,44.75,43.75,44.61
10/2/2015,44.27,45.57,43.92,45.57
10/5/2015,45.75,46.89,45.7,46.63
10/6/2015,46.33,47.18,46.22,46.75
10/7/2015,47.1,47.35,45.95,46.8
10/8/2015,46.56,47.52,46.5,47.45
10/9/2015,47.45,47.54,46.92,47.11
10/12/2015,46.98,47.07,46.5,47
10/13/2015,46.56,47.13,46.56,46.89
10/14/2015,46.65,47.1,46.53,46.68
10/15/2015,47.01,47.03,46.53,47.01
10/16/2015,47.02,47.54,46.9,47.51
10/19/2015,47.42,47.88,47.02,47.62
10/20/2015,47.44,47.81,47.02,47.77
10/21/2015,47.92,47.99,47.11,47.2
10/22/2015,47.53,48.95,47.09,48.03
10/23/2015,52.3,54.07,52.25,52.87
10/26/2015,52.53,54.32,52.5,54.25
10/27/2015,53.99,54.37,53.58,53.69
10/28/2015,53.54,53.98,52.86,53.98
10/29/2015,53.54,53.83,53.22,53.36
10/30/2015,53.32,53.99,52.62,52.64
11/2/2015,52.85,53.36,52.62,53.24
11/3/2015,52.93,54.39,52.9,54.15
11/4/2015,54.18,54.88,54.06,54.4
11/5/2015,54.49,54.7,54,54.38
11/6/2015,54.09,54.98,53.96,54.92
11/9/2015,54.55,54.87,53.56,54.16
11/10/2015,54.07,54.13,53.27,53.51
11/11/2015,53.7,54.2,53.46,53.65
11/12/2015,53.48,53.98,53.19,53.32
11/13/2015,53.07,53.29,52.53,52.84
11/16/2015,53.08,53.89,52.85,53.77
11/17/2015,53.17,53.53,52.85,52.97
11/18/2015,53,53.98,52.98,53.85
11/19/2015,53.99,54.66,53.78,53.94
11/20/2015,54.25,54.3,53.27,54.19
11/23/2015,54.25,54.46,53.75,54.19
11/24/2015,53.92,54.44,53.58,54.25
11/25/2015,54.09,54.23,53.69,53.69
11/27/2015,53.8,54.08,53.79,53.93
11/30/2015,54.54,54.96,54,54.35
12/1/2015,54.41,55.23,54.3,55.22
12/2/2015,55.32,55.96,55.06,55.21
12/3/2015,55.49,55.77,53.93,54.2
12/4/2015,54.12,56.23,54.1,55.91
12/7/2015,55.79,55.97,55.29,55.81
12/8/2015,55.47,56.1,54.99,55.79
12/9/2015,55.37,55.87,54.51,54.98
12/10/2015,55.39,55.66,55.01,55.27
12/11/2015,54.71,55.1,54.01,54.06
12/14/2015,54.33,55.21,53.68,55.14
12/15/2015,55.66,55.9,55.09,55.2
12/16/2015,55.54,56.25,54.76,56.13
12/17/2015,56.36,56.79,55.53,55.7
12/18/2015,55.77,56,54.03,54.13
12/21/2015,54.88,55.35,54.23,54.83
12/22/2015,54.99,55.48,54.5,55.35
12/23/2015,55.7,55.88,55.44,55.82
12/24/2015,55.86,55.96,55.43,55.67
12/28/2015,55.35,55.95,54.98,55.95
12/29/2015,56.29,56.85,56.06,56.55
12/30/2015,56.47,56.78,56.29,56.31
12/31/2015,56.04,56.19,55.42,55.48
1/4/2016,54.32,54.8,53.39,54.8
1/5/2016,54.93,55.39,54.54,55.05
1/6/2016,54.32,54.4,53.64,54.05
1/7/2016,52.7,53.49,52.07,52.17
1/8/2016,52.37,53.28,52.15,52.33
1/11/2016,52.51,52.85,51.46,52.3
1/12/2016,52.76,53.1,52.06,52.78
1/13/2016,53.8,54.07,51.3,51.64
1/14/2016,52,53.42,51.57,53.11
1/15/2016,51.31,51.97,50.34,50.99
1/19/2016,51.48,51.68,50.06,50.56
1/20/2016,49.98,51.38,49.1,50.79
1/21/2016,51,51.58,50.3,50.48
1/22/2016,51.41,52.33,51.26,52.29
1/25/2016,51.94,52.65,51.65,51.79
1/26/2016,51.79,52.44,51.55,52.17
1/27/2016,52.01,52.2,51.02,51.22
1/28/2016,51.86,52.21,51.25,52.06
1/29/2016,54.73,55.09,54,55.09
2/1/2016,54.88,55.09,54.5,54.71
2/2/2016,54.17,54.26,52.65,53
2/3/2016,53.25,53.39,51.26,52.16
2/4/2016,52.1,52.81,51.37,52
2/5/2016,51.94,52,49.56,50.16
2/8/2016,49.55,49.57,48.19,49.41
2/9/2016,49.02,50.24,48.67,49.28
2/10/2016,49.89,50.39,49.52,49.71
2/11/2016,48.68,50.11,48.51,49.69
2/12/2016,50.25,50.68,49.75,50.5
2/16/2016,50.9,51.09,50.13,51.09
2/17/2016,51.49,52.77,51.45,52.42
2/18/2016,52.33,52.95,52.1,52.19
2/19/2016,51.97,52.28,51.53,51.82
2/22/2016,52.28,53,52.28,52.65
2/23/2016,52.34,52.37,50.98,51.18
2/24/2016,50.69,51.5,50.2,51.36
2/25/2016,51.73,52.1,50.61,52.1
2/26/2016,52.6,52.68,51.1,51.3
2/29/2016,51.35,51.65,50.66,50.88
3/1/2016,50.97,52.59,50.92,52.58
3/2/2016,52.41,52.96,52.16,52.95
3/3/2016,52.97,52.97,51.78,52.35
3/4/2016,52.4,52.45,51.71,52.03
3/7/2016,51.56,51.8,50.58,51.03
3/8/2016,50.8,52.13,50.6,51.65
3/9/2016,51.89,52.85,51.86,52.84
3/10/2016,52.93,52.94,51.16,52.05
3/11/2016,53,53.07,52.38,53.07
3/14/2016,52.71,53.59,52.63,53.17
3/15/2016,52.75,53.59,52.74,53.59
3/16/2016,53.45,54.6,53.4,54.35
3/17/2016,54.21,55,54,54.66
3/18/2016,54.92,54.97,53.45,53.49
3/21/2016,53.25,53.93,52.93,53.86
3/22/2016,53.61,54.25,53.46,54.07
3/23/2016,54.11,54.24,53.74,53.97
3/24/2016,53.84,54.33,53.73,54.21
3/28/2016,54.21,54.29,53.33,53.54
3/29/2016,53.66,54.86,53.45,54.71
3/30/2016,54.93,55.64,54.9,55.05
3/31/2016,54.95,55.59,54.86,55.23
4/1/2016,55.05,55.61,54.57,55.57
4/4/2016,55.43,55.66,55,55.43
4/5/2016,55.19,55.3,54.46,54.56
4/6/2016,54.36,55.2,54.21,55.12
4/7/2016,54.87,54.91,54.23,54.46
4/8/2016,54.67,55.28,54.32,54.42
4/11/2016,54.49,55.15,54.3,54.31
4/12/2016,54.37,54.78,53.76,54.65
4/13/2016,55.12,55.44,54.89,55.35
4/14/2016,55.22,55.58,55.07,55.36
4/15/2016,55.3,55.92,55.11,55.65
4/18/2016,55.49,56.59,55.21,56.46
4/19/2016,56.63,56.77,55.68,56.39
4/20/2016,56.29,56.5,55.49,55.59
4/21/2016,55.8,56.23,55.42,55.78
4/22/2016,51.91,52.43,50.77,51.78
4/25/2016,51.78,52.13,51.63,52.11
4/26/2016,52.26,52.35,51.09,51.44
4/27/2016,51.48,51.5,50.55,50.94
4/28/2016,50.62,50.77,49.56,49.9
4/29/2016,49.35,50.25,49.35,49.87
5/2/2016,50,50.75,49.78,50.61
5/3/2016,50.34,50.41,49.6,49.78
5/4/2016,49.84,50.06,49.46,49.87
5/5/2016,49.87,50.3,49.73,49.94
5/6/2016,49.92,50.39,49.66,50.39
5/9/2016,50.49,50.59,50,50.07
5/10/2016,50.33,51.1,50.19,51.02
5/11/2016,51.13,51.78,51,51.05
5/12/2016,51.2,51.81,50.92,51.51
5/13/2016,51.44,51.9,51.04,51.08
5/16/2016,50.8,51.96,50.75,51.83
5/17/2016,51.72,51.73,50.36,50.51
5/18/2016,50.48,51.14,50.3,50.81
5/19/2016,50.47,50.62,49.82,50.32
5/20/2016,50.48,51.22,50.4,50.62
5/23/2016,50.6,50.68,49.98,50.03
5/24/2016,50.7,51.71,50.4,51.59
5/25/2016,51.92,52.49,51.79,52.12
5/26/2016,51.93,51.98,51.36,51.89
5/27/2016,51.92,52.32,51.77,52.32
5/31/2016,52.26,53,52.08,53
6/1/2016,52.44,52.95,52.44,52.85
6/2/2016,52.64,52.74,51.84,52.48
6/3/2016,52.38,52.42,51.6,51.79
6/6/2016,51.99,52.35,51.89,52.13
6/7/2016,52.24,52.73,52.1,52.1
6/8/2016,52.02,52.44,51.87,52.04
6/9/2016,52,52,51.49,51.62
6/10/2016,51.05,52.05,51.04,51.48
6/13/2016,49.58,50.72,49.06,50.14
6/14/2016,49.9,50.1,49.57,49.83
6/15/2016,49.78,50.12,49.69,49.69
6/16/2016,49.52,50.47,49.51,50.39
6/17/2016,50.41,50.43,49.82,50.13
6/20/2016,50.64,50.83,50.03,50.07
6/21/2016,50.2,51.43,50.16,51.19
6/22/2016,51.08,51.46,50.95,50.99
6/23/2016,51.28,52.06,51.15,51.91
6/24/2016,49.81,50.94,49.52,49.83
6/27/2016,49.1,49.15,48.04,48.43
6/28/2016,48.92,49.47,48.67,49.44
6/29/2016,49.91,50.72,49.8,50.54
6/30/2016,50.72,51.3,50.5,51.17
7/1/2016,51.13,51.72,51.07,51.16
7/5/2016,50.83,51.28,50.74,51.17
7/6/2016,50.78,51.54,50.39,51.38
7/7/2016,51.42,51.61,51.07,51.38
7/8/2016,51.73,52.36,51.55,52.3
7/11/2016,52.5,52.83,52.47,52.59
7/12/2016,52.94,53.4,52.79,53.21
7/13/2016,53.56,53.86,53.18,53.51
7/14/2016,53.84,53.99,53.58,53.74
7/15/2016,53.95,54,53.21,53.7
7/18/2016,53.7,54.34,53.55,53.96
7/19/2016,53.71,53.9,52.93,53.09
7/20/2016,56.15,56.84,55.53,55.91
7/21/2016,55.98,56.23,55.76,55.8
7/22/2016,56.08,56.63,55.78,56.57
7/25/2016,56.47,56.74,56.26,56.73
7/26/2016,56.52,57.29,56.51,56.76
7/27/2016,56.61,56.8,56.11,56.19
7/28/2016,56,56.37,55.72,56.21
7/29/2016,56.26,56.76,56.05,56.68
8/1/2016,56.6,56.75,56.14,56.58
8/2/2016,56.85,56.9,56.31,56.58
8/3/2016,56.68,57.11,56.49,56.97
8/4/2016,56.8,57.52,56.67,57.39
8/5/2016,57.65,58.21,57.45,57.96
8/8/2016,58.06,58.09,57.78,58.06
8/9/2016,58.17,58.5,58.02,58.2
8/10/2016,58.16,58.32,57.82,58.02
8/11/2016,58.03,58.45,58.03,58.3
8/12/2016,58.03,58.19,57.62,57.94
8/15/2016,58.01,58.5,57.96,58.12
8/16/2016,57.61,57.62,57.27,57.44
8/17/2016,57.54,57.68,57.23,57.56
8/18/2016,57.42,57.7,57.27,57.6
8/19/2016,57.43,57.73,57.2,57.62
8/22/2016,57.6,57.75,57.26,57.67
8/23/2016,57.9,58.18,57.85,57.89
8/24/2016,57.8,58.04,57.72,57.95
8/25/2016,57.88,58.29,57.78,58.17
8/26/2016,58.28,58.7,57.69,58.03
8/29/2016,58.18,58.6,58.1,58.1
8/30/2016,57.98,58.19,57.61,57.89
8/31/2016,57.65,57.8,57.3,57.46
9/1/2016,57.01,57.82,57.01,57.59
9/2/2016,57.67,58.19,57.42,57.67
9/6/2016,57.78,57.8,57.21,57.61
9/7/2016,57.47,57.84,57.41,57.66
9/8/2016,57.63,57.79,57.18,57.43
9/9/2016,56.79,57.52,56.21,56.21
9/12/2016,56,57.21,55.61,57.05
9/13/2016,56.5,56.65,56.05,56.53
9/14/2016,56.39,56.63,56.03,56.26
9/15/2016,56.15,57.35,55.98,57.19
9/16/2016,57.63,57.63,56.75,57.25
9/19/2016,57.27,57.75,56.85,56.93
9/20/2016,57.35,57.35,56.75,56.81
9/21/2016,57.51,57.85,57.08,57.76
9/22/2016,57.92,58,57.63,57.82
9/23/2016,57.87,57.91,57.38,57.43
9/26/2016,57.08,57.14,56.83,56.9
9/27/2016,56.93,58.06,56.68,57.95
9/28/2016,57.88,58.06,57.67,58.03
9/29/2016,57.81,58.17,57.21,57.4
9/30/2016,57.57,57.77,57.34,57.6
10/3/2016,57.41,57.55,57.06,57.42
10/4/2016,57.27,57.6,56.97,57.24
10/5/2016,57.29,57.96,57.26,57.64
10/6/2016,57.74,57.86,57.28,57.74
10/7/2016,57.85,57.98,57.42,57.8
10/10/2016,57.91,58.39,57.87,58.04
10/11/2016,57.89,58.02,56.89,57.19
10/12/2016,57.11,57.27,56.4,57.11
10/13/2016,56.7,57.3,56.32,56.92
10/14/2016,57.12,57.74,57.12,57.42
10/17/2016,57.36,57.46,56.87,57.22
10/18/2016,57.53,57.95,57.41,57.66
10/19/2016,57.47,57.84,57.4,57.53
10/20/2016,57.5,57.52,56.66,57.25
10/21/2016,60.28,60.45,59.49,59.66
10/24/2016,59.94,61,59.93,61
10/25/2016,60.85,61.37,60.8,60.99
10/26/2016,60.81,61.2,60.47,60.63
10/27/2016,60.61,60.83,60.09,60.1
10/28/2016,60.01,60.52,59.58,59.87
10/31/2016,60.16,60.42,59.92,59.92
11/1/2016,59.97,60.02,59.25,59.8
11/2/2016,59.82,59.93,59.3,59.43
11/3/2016,59.53,59.64,59.11,59.21
11/4/2016,58.65,59.28,58.52,58.71
11/7/2016,59.78,60.52,59.78,60.42
11/8/2016,60.55,60.78,60.15,60.47
11/9/2016,60,60.59,59.2,60.17
11/10/2016,60.48,60.49,57.63,58.7
11/11/2016,58.23,59.12,58.01,59.02
11/14/2016,59.02,59.08,57.28,58.12
11/15/2016,58.33,59.49,58.32,58.87
11/16/2016,58.94,59.66,58.81,59.65
11/17/2016,60.41,60.95,59.97,60.64
11/18/2016,60.78,61.14,60.3,60.35
11/21/2016,60.5,60.97,60.42,60.86
11/22/2016,60.98,61.26,60.81,61.12
11/23/2016,61.01,61.1,60.25,60.4
11/25/2016,60.3,60.53,60.13,60.53
11/28/2016,60.34,61.02,60.21,60.61
11/29/2016,60.65,61.41,60.52,61.09
11/30/2016,60.86,61.18,60.22,60.26
12/1/2016,60.11,60.15,58.94,59.2
12/2/2016,59.08,59.47,58.8,59.25
12/5/2016,59.7,60.59,59.56,60.22
12/6/2016,60.43,60.46,59.8,59.95
12/7/2016,60.01,61.38,59.8,61.37
12/8/2016,61.3,61.58,60.84,61.01
12/9/2016,61.18,61.99,61.13,61.97
12/12/2016,61.82,62.3,61.72,62.17
12/13/2016,62.5,63.42,62.24,62.98
12/14/2016,63,63.45,62.53,62.68
12/15/2016,62.7,63.15,62.3,62.58
12/16/2016,62.95,62.95,62.12,62.3
12/19/2016,62.56,63.77,62.42,63.62
12/20/2016,63.69,63.8,63.03,63.54
12/21/2016,63.43,63.7,63.12,63.54
12/22/2016,63.84,64.1,63.41,63.55
12/23/2016,63.45,63.54,62.8,63.24
12/27/2016,63.21,64.07,63.21,63.28
12/28/2016,63.4,63.4,62.83,62.99
12/29/2016,62.86,63.2,62.73,62.9
12/30/2016,62.96,62.99,62.03,62.14
1/3/2017,62.79,62.84,62.13,62.58
1/4/2017,62.48,62.75,62.12,62.3
1/5/2017,62.19,62.66,62.03,62.3
1/6/2017,62.3,63.15,62.04,62.84
1/9/2017,62.76,63.08,62.54,62.64
1/10/2017,62.73,63.07,62.28,62.62
1/11/2017,62.61,63.23,62.43,63.19
1/12/2017,63.06,63.4,61.95,62.61
1/13/2017,62.62,62.87,62.35,62.7
1/17/2017,62.68,62.7,62.03,62.53
1/18/2017,62.67,62.7,62.12,62.5
1/19/2017,62.24,62.98,62.2,62.3
1/20/2017,62.67,62.82,62.37,62.74
1/23/2017,62.7,63.12,62.57,62.96
1/24/2017,63.2,63.74,62.94,63.52
1/25/2017,63.95,64.1,63.45,63.68
1/26/2017,64.12,64.54,63.55,64.27
1/27/2017,65.39,65.91,64.89,65.78
1/30/2017,65.69,65.79,64.8,65.13
1/31/2017,64.86,65.15,64.26,64.65
2/1/2017,64.36,64.62,63.47,63.58
2/2/2017,63.25,63.41,62.75,63.17
2/3/2017,63.5,63.7,63.07,63.68
2/6/2017,63.5,63.65,63.14,63.64
2/7/2017,63.74,63.78,63.23,63.43
2/8/2017,63.57,63.81,63.22,63.34
2/9/2017,63.52,64.44,63.32,64.06
2/10/2017,64.25,64.3,63.98,64
2/13/2017,64.24,64.86,64.13,64.72
2/14/2017,64.41,64.72,64.02,64.57
2/15/2017,64.5,64.57,64.16,64.53
2/16/2017,64.74,65.24,64.44,64.52
2/17/2017,64.47,64.69,64.3,64.62
2/21/2017,64.61,64.95,64.45,64.49
2/22/2017,64.33,64.39,64.05,64.36
2/23/2017,64.42,64.73,64.2,64.62
2/24/2017,64.53,64.8,64.14,64.62
2/27/2017,64.54,64.54,64.05,64.23
2/28/2017,64.08,64.2,63.76,63.98
3/1/2017,64.13,64.99,64.02,64.94
3/2/2017,64.69,64.75,63.88,64.01
3/3/2017,63.99,64.28,63.62,64.25
3/6/2017,63.97,64.56,63.81,64.27
3/7/2017,64.19,64.78,64.19,64.4
3/8/2017,64.26,65.09,64.25,64.99
3/9/2017,65.19,65.2,64.48,64.73
3/10/2017,65.11,65.26,64.75,64.93
3/13/2017,65.01,65.2,64.57,64.71
3/14/2017,64.53,64.55,64.15,64.41
3/15/2017,64.55,64.92,64.25,64.75
3/16/2017,64.75,64.76,64.3,64.64
3/17/2017,64.91,65.24,64.68,64.87
3/20/2017,64.91,65.18,64.72,64.93
3/21/2017,65.19,65.5,64.13,64.21
3/22/2017,64.12,65.14,64.12,65.03
3/23/2017,64.94,65.24,64.77,64.87
3/24/2017,65.12,65.45,64.76,64.98
3/27/2017,64.63,65.22,64.35,65.1
3/28/2017,64.96,65.47,64.65,65.29
3/29/2017,65.12,65.5,64.95,65.47
3/30/2017,65.42,65.98,65.36,65.71
3/31/2017,65.65,66.19,65.45,65.86
4/3/2017,65.81,65.94,65.19,65.55
4/4/2017,65.39,65.81,65.28,65.73
4/5/2017,66.3,66.35,65.44,65.56
4/6/2017,65.6,66.06,65.48,65.73
4/7/2017,65.85,65.96,65.44,65.68
4/10/2017,65.61,65.82,65.36,65.53
4/11/2017,65.6,65.61,64.85,65.48
4/12/2017,65.42,65.51,65.11,65.23
4/13/2017,65.29,65.86,64.95,64.95
4/17/2017,65.04,65.49,65.01,65.48
4/18/2017,65.33,65.71,65.16,65.39
4/19/2017,65.65,65.75,64.89,65.04
4/20/2017,65.46,65.75,65.14,65.5
4/21/2017,65.67,66.7,65.45,66.4
4/24/2017,67.48,67.66,67.1,67.53
4/25/2017,67.9,68.04,67.6,67.92
4/26/2017,68.08,68.31,67.62,67.83
4/27/2017,68.15,68.38,67.58,68.27
4/28/2017,68.91,69.14,67.69,68.46
5/1/2017,68.68,69.55,68.5,69.41
5/2/2017,69.71,69.71,69.13,69.3
5/3/2017,69.38,69.38,68.71,69.08
5/4/2017,69.03,69.08,68.64,68.81
5/5/2017,68.9,69.03,68.49,69
5/8/2017,68.97,69.05,68.42,68.94
5/9/2017,68.86,69.28,68.68,69.04
5/10/2017,68.99,69.56,68.92,69.31
5/11/2017,68.36,68.73,68.12,68.46
5/12/2017,68.61,68.61,68.04,68.38
5/15/2017,68.14,68.48,67.57,68.43
5/16/2017,68.23,69.44,68.16,69.41
5/17/2017,68.89,69.1,67.43,67.48
5/18/2017,67.4,68.13,67.14,67.71
5/19/2017,67.5,68.1,67.43,67.69
5/22/2017,67.89,68.5,67.5,68.45
5/23/2017,68.72,68.75,68.38,68.68
5/24/2017,68.87,68.88,68.45,68.77
5/25/2017,68.97,69.88,68.91,69.62
5/26/2017,69.8,70.22,69.52,69.96
5/30/2017,69.79,70.41,69.77,70.41
5/31/2017,70.53,70.74,69.81,69.84
6/1/2017,70.24,70.61,69.45,70.1
6/2/2017,70.44,71.86,70.24,71.76
6/5/2017,71.97,72.89,71.81,72.28
6/6/2017,72.3,72.62,72.27,72.52
6/7/2017,72.64,72.77,71.95,72.39
6/8/2017,72.51,72.52,71.5,71.95
6/9/2017,72.04,72.08,68.59,70.32
6/12/2017,69.25,69.94,68.13,69.78
6/13/2017,70.02,70.82,69.96,70.65
6/14/2017,70.91,71.1,69.43,70.27
6/15/2017,69.27,70.21,68.8,69.9
6/16/2017,69.73,70.03,69.22,70
6/19/2017,70.5,70.95,70.35,70.87
6/20/2017,70.82,70.87,69.87,69.91
6/21/2017,70.21,70.62,69.94,70.27
6/22/2017,70.54,70.59,69.71,70.26
6/23/2017,70.09,71.25,69.92,71.21
6/26/2017,71.4,71.71,70.45,70.53
6/27/2017,70.11,70.18,69.18,69.21
6/28/2017,69.21,69.84,68.79,69.8
6/29/2017,69.38,69.49,68.09,68.49
6/30/2017,68.78,69.38,68.74,68.93
7/3/2017,69.33,69.6,68.02,68.17
7/5/2017,68.26,69.44,68.22,69.08
7/6/2017,68.27,68.78,68.12,68.57
7/7/2017,68.7,69.84,68.7,69.46
7/10/2017,69.46,70.25,69.2,69.98
7/11/2017,70,70.68,69.75,69.99
7/12/2017,70.69,71.28,70.55,71.15
7/13/2017,71.5,72.04,71.31,71.77
7/14/2017,72.24,73.27,71.96,72.78
7/17/2017,72.8,73.45,72.72,73.35
7/18/2017,73.09,73.39,72.66,73.3
7/19/2017,73.5,74.04,73.45,73.86
7/20/2017,74.18,74.3,73.28,74.22
7/21/2017,73.45,74.29,73.17,73.79
7/24/2017,73.53,73.75,73.13,73.6
7/25/2017,73.8,74.31,73.5,74.19
7/26/2017,74.34,74.38,73.81,74.05
7/27/2017,73.76,74.42,72.32,73.16
7/28/2017,72.67,73.31,72.54,73.04
7/31/2017,73.3,73.44,72.41,72.7
8/1/2017,73.1,73.42,72.49,72.58
8/2/2017,72.55,72.56,71.45,72.26
8/3/2017,72.19,72.44,71.85,72.15
8/4/2017,72.4,73.04,72.24,72.68
8/7/2017,72.8,72.9,72.26,72.4
8/8/2017,72.09,73.13,71.75,72.79
8/9/2017,72.25,72.51,72.05,72.47
8/10/2017,71.9,72.19,71.35,71.41
8/11/2017,71.61,72.7,71.28,72.5
8/14/2017,73.06,73.72,72.95,73.59
8/15/2017,73.59,73.59,73.04,73.22
8/16/2017,73.34,74.1,73.17,73.65
8/17/2017,73.58,73.87,72.4,72.4
8/18/2017,72.27,72.84,71.93,72.49
8/21/2017,72.47,72.48,71.7,72.15
8/22/2017,72.35,73.24,72.35,73.16
8/23/2017,72.96,73.15,72.53,72.72
8/24/2017,72.74,72.86,72.07,72.69
8/25/2017,72.86,73.35,72.48,72.82
8/28/2017,73.06,73.09,72.55,72.83
8/29/2017,72.25,73.16,72.05,73.05
8/30/2017,73.01,74.21,72.83,74.01
8/31/2017,74.03,74.96,73.8,74.77
9/1/2017,74.71,74.74,73.64,73.94
9/5/2017,73.34,73.89,72.98,73.61
9/6/2017,73.74,74.04,73.35,73.4
9/7/2017,73.68,74.6,73.6,74.34
9/8/2017,74.33,74.44,73.84,73.98
9/11/2017,74.31,74.95,74.31,74.76
9/12/2017,74.76,75.24,74.37,74.68
9/13/2017,74.93,75.23,74.55,75.21
9/14/2017,75,75.49,74.52,74.77
9/15/2017,74.83,75.39,74.07,75.31
9/18/2017,75.23,75.97,75.04,75.16
9/19/2017,75.21,75.71,75.01,75.44
9/20/2017,75.35,75.55,74.31,74.94
9/21/2017,75.11,75.24,74.11,74.21
9/22/2017,73.99,74.51,73.85,74.41
9/25/2017,74.09,74.25,72.92,73.26
9/26/2017,73.67,73.81,72.99,73.26
9/27/2017,73.55,74.17,73.17,73.85
9/28/2017,73.54,73.97,73.31,73.87
9/29/2017,73.94,74.54,73.88,74.49
10/2/2017,74.71,75.01,74.3,74.61
10/3/2017,74.67,74.88,74.2,74.26
10/4/2017,74,74.72,73.71,74.69
10/5/2017,75.22,76.12,74.96,75.97
10/6/2017,75.67,76.03,75.54,76
10/9/2017,75.97,76.55,75.86,76.29
10/10/2017,76.33,76.63,76.14,76.29
10/11/2017,76.36,76.46,75.95,76.42
10/12/2017,76.49,77.29,76.37,77.12
10/13/2017,77.59,77.87,77.29,77.49
10/16/2017,77.42,77.81,77.35,77.65
10/17/2017,77.47,77.62,77.25,77.59
10/18/2017,77.67,77.85,77.37,77.61
10/19/2017,77.57,77.93,77.35,77.91
10/20/2017,78.32,78.97,78.22,78.81
10/23/2017,78.99,79.34,78.76,78.83
10/24/2017,78.9,79.2,78.46,78.86
10/25/2017,78.58,79.1,78.01,78.63
10/26/2017,79.2,79.42,78.75,78.76
10/27/2017,84.37,86.2,83.61,83.81
10/30/2017,83.7,84.33,83.11,83.89
10/31/2017,84.36,84.36,83.11,83.18
11/1/2017,83.68,83.76,82.88,83.18
11/2/2017,83.35,84.46,83.12,84.05
11/3/2017,84.08,84.54,83.4,84.14
11/6/2017,84.2,84.7,84.08,84.47
11/7/2017,84.77,84.9,83.93,84.27
11/8/2017,84.14,84.61,83.83,84.56
11/9/2017,84.11,84.27,82.9,84.09
11/10/2017,83.79,84.1,83.23,83.87
11/13/2017,83.66,83.94,83.46,83.93
11/14/2017,83.5,84.1,82.98,84.05
11/15/2017,83.47,83.69,82.69,82.98
11/16/2017,83.1,83.42,82.94,83.2
11/17/2017,83.12,83.12,82.24,82.4
11/20/2017,82.4,82.59,82.25,82.53
11/21/2017,82.74,83.84,82.74,83.72
11/22/2017,83.83,83.9,83.04,83.11
11/24/2017,83.01,83.43,82.78,83.26
11/27/2017,83.31,83.98,83.3,83.87
11/28/2017,84.07,85.06,84.02,84.88
11/29/2017,84.71,84.92,83.18,83.34
11/30/2017,83.51,84.52,83.34,84.17
12/1/2017,83.6,84.81,83.22,84.26
12/4/2017,84.42,84.43,80.7,81.08
12/5/2017,81.34,82.68,80.98,81.59
12/6/2017,81.55,83.14,81.43,82.78
12/7/2017,82.54,82.8,82,82.49
12/8/2017,83.63,84.58,83.33,84.16
12/11/2017,84.29,85.37,84.12,85.23
12/12/2017,85.31,86.05,85.08,85.58
12/13/2017,85.74,86,85.17,85.35
12/14/2017,85.43,85.87,84.53,84.69
12/15/2017,85.26,87.09,84.88,86.85
12/18/2017,87.12,87.5,86.23,86.38
12/19/2017,86.35,86.35,85.27,85.83
12/20/2017,86.2,86.3,84.71,85.52
12/21/2017,86.05,86.1,85.4,85.5
12/22/2017,85.4,85.63,84.92,85.51
12/26/2017,85.31,85.53,85.03,85.4
12/27/2017,85.65,85.98,85.22,85.71
12/28/2017,85.9,85.93,85.55,85.72
12/29/2017,85.63,86.05,85.5,85.54
1/2/2018,86.13,86.31,85.5,85.95
1/3/2018,86.06,86.51,85.97,86.35
1/4/2018,86.59,87.66,86.57,87.11
1/5/2018,87.66,88.41,87.43,88.19
1/8/2018,88.2,88.58,87.6,88.28
1/9/2018,88.65,88.73,87.86,88.22
1/10/2018,87.86,88.19,87.41,87.82
1/11/2018,88.13,88.13,87.24,88.08
1/12/2018,88.67,89.78,88.45,89.6
1/16/2018,90.1,90.79,88.01,88.35
1/17/2018,89.08,90.28,88.75,90.14
1/18/2018,89.8,90.67,89.66,90.1
1/19/2018,90.14,90.61,89.66,90
1/22/2018,90,91.62,89.74,91.61
1/23/2018,91.9,92.3,91.54,91.9
1/24/2018,92.55,93.43,91.58,91.82
1/25/2018,92.47,93.24,91.93,92.33
1/26/2018,93.12,94.06,92.58,94.06
1/29/2018,95.14,95.45,93.72,93.92
1/30/2018,93.3,93.66,92.1,92.74
1/31/2018,93.75,95.4,93.51,95.01
2/1/2018,94.79,96.07,93.58,94.26
2/2/2018,93.64,93.97,91.5,91.78
2/5/2018,90.56,93.24,88,88
2/6/2018,86.89,91.48,85.25,91.33
2/7/2018,90.49,91.77,89.2,89.61
2/8/2018,89.71,89.88,84.76,85.01
2/9/2018,86.3,88.93,83.83,88.18
2/12/2018,88.74,89.78,87.93,89.13
2/13/2018,88.93,90,87.8,89.83
2/14/2018,88.51,90.99,88.41,90.81
2/15/2018,91.21,92.72,90.62,92.66
2/16/2018,92.45,93.5,91.8,92
2/20/2018,91.48,93.06,91.01,92.72
2/21/2018,92.98,93.36,91.49,91.49
2/22/2018,92.05,92.73,91.36,91.73
2/23/2018,92.75,94.07,92.36,94.06
2/26/2018,94.4,95.45,94.25,95.42
2/27/2018,95.74,95.84,94.2,94.2
2/28/2018,94.84,95.71,93.63,93.77
3/1/2018,93.99,94.57,91.84,92.85
3/2/2018,91.58,93.15,90.86,93.05
3/5/2018,92.34,94.27,92.26,93.64
3/6/2018,94.34,94.49,92.94,93.32
3/7/2018,93.16,93.94,92.43,93.86
3/8/2018,94.27,95.1,93.77,94.43
3/9/2018,95.29,96.54,95,96.54
3/12/2018,96.5,97.21,96.04,96.77
3/13/2018,97,97.24,93.97,94.41
3/14/2018,95.12,95.41,93.5,93.85
3/15/2018,93.53,94.58,92.83,94.18
3/16/2018,94.68,95.38,93.92,94.6
3/19/2018,93.74,93.9,92.11,92.89
3/20/2018,93.05,93.77,93,93.13
3/21/2018,92.93,94.05,92.21,92.48
3/22/2018,91.27,91.75,89.66,89.79
3/23/2018,89.5,90.46,87.08,87.18
3/26/2018,90.61,94,90.4,93.78
3/27/2018,94.94,95.14,88.51,89.47
3/28/2018,89.82,91.23,88.87,89.39
3/29/2018,90.18,92.29,88.4,91.27
4/2/2018,90.47,90.88,87.51,88.52
4/3/2018,89.58,90.05,87.89,89.71
4/4/2018,87.85,92.76,87.73,92.33
4/5/2018,92.44,93.07,91.4,92.38
4/6/2018,91.49,92.46,89.48,90.23
4/9/2018,91.04,93.17,90.62,90.77
4/10/2018,92.39,93.28,91.64,92.88
4/11/2018,92.01,93.29,91.48,91.86
4/12/2018,92.43,94.16,92.43,93.58
4/13/2018,94.05,94.18,92.44,93.08
4/16/2018,94.07,94.66,93.42,94.17
4/17/2018,95,96.54,94.88,96.07
4/18/2018,96.22,96.72,95.52,96.44
4/19/2018,96.44,97.07,95.34,96.11
4/20/2018,95.91,96.11,94.05,95
4/23/2018,95.74,96.29,94.63,95.35
4/24/2018,96.24,96.47,92.41,93.12
4/25/2018,93.3,93.3,90.28,92.31
4/26/2018,93.55,95.15,93.1,94.26
4/27/2018,97.6,97.9,93.91,95.82
4/30/2018,96.33,96.4,93.15,93.52
5/1/2018,93.21,95.29,92.79,95
5/2/2018,94.99,95.17,93.19,93.51
5/3/2018,92.96,94.93,92.45,94.07
5/4/2018,93.32,95.37,92.92,95.16
5/7/2018,95.17,96.71,95.1,96.22
5/8/2018,95.85,96.16,95.06,95.81
5/9/2018,96.01,96.97,95.05,96.94
5/10/2018,97.46,97.95,97.05,97.91
5/11/2018,97.8,97.87,97.04,97.7
5/14/2018,97.92,98.69,97.31,98.03
5/15/2018,97.24,97.85,96.34,97.32
5/16/2018,97.36,97.4,96.62,97.15
5/17/2018,96.76,97.54,95.83,96.18
5/18/2018,96.01,96.93,96.01,96.36
5/21/2018,97,98.01,96.8,97.6
5/22/2018,97.68,98.17,97.2,97.5
5/23/2018,96.71,98.73,96.32,98.66
5/24/2018,98.73,98.94,96.81,98.31
5/25/2018,98.3,98.98,97.86,98.36
5/29/2018,97.84,98.88,97.23,98.01
5/30/2018,98.31,99.25,97.91,98.95
5/31/2018,99.29,99.99,98.61,98.84
6/1/2018,99.28,100.86,99.17,100.79
6/4/2018,101.26,101.86,100.85,101.67
6/5/2018,102,102.33,101.53,102.19
6/6/2018,102.48,102.6,101.9,102.49
6/7/2018,102.65,102.69,100.38,100.88
6/8/2018,101.09,101.95,100.54,101.63
6/11/2018,101.37,101.59,100.67,101.05
6/12/2018,101.1,101.45,100.75,101.31
6/13/2018,101.72,102.01,100.56,100.85
6/14/2018,101.65,102.03,101,101.42
6/15/2018,101.51,101.53,100.07,100.13
6/18/2018,100.01,101.11,99.42,100.86
6/19/2018,99.65,101,99.5,100.86
6/20/2018,101.37,102.52,101.12,101.87
6/21/2018,102.08,102.46,100.88,101.14
6/22/2018,100.41,100.77,99.63,100.41
6/25/2018,100,100.11,97.3,98.39
6/26/2018,98.82,100.08,98.75,99.08
6/27/2018,99.58,100.02,97.4,97.54
6/28/2018,97.38,99.11,97.26,98.63
6/29/2018,98.93,99.91,98.33,98.61
7/2/2018,98.1,100.06,98,100.01
7/3/2018,100.48,100.63,98.94,99.05
7/5/2018,99.5,99.92,99.03,99.76
7/6/2018,99.89,101.43,99.67,101.16
7/9/2018,101.65,102.25,101.25,101.85
7/10/2018,102,102.51,101.86,102.12
7/11/2018,101.15,102.34,101.1,101.98
7/12/2018,102.77,104.41,102.73,104.19
7/13/2018,104.37,105.6,104.09,105.43
7/16/2018,105.4,105.82,104.52,104.91
7/17/2018,104.61,106.5,104.32,105.95
7/18/2018,105.94,106.05,104.72,105.12
7/19/2018,104.93,105.31,103.89,104.4
7/20/2018,108.08,108.2,106.08,106.27
7/23/2018,106.3,108.14,106.13,107.97
7/24/2018,108.57,108.82,107.26,107.66
7/25/2018,107.96,111.15,107.6,110.83
7/26/2018,110.74,111,109.5,109.62
7/27/2018,110.18,110.18,106.14,107.68
7/30/2018,107.19,107.53,104.76,105.37
7/31/2018,106.49,106.72,105.38,106.08
8/1/2018,106.03,106.45,105.42,106.28
8/2/2018,105.4,108.09,104.84,107.57
8/3/2018,107.8,108.05,106.82,108.04
8/6/2018,108.12,108.42,107.56,108.13
8/7/2018,108.56,109.1,108.17,108.88
8/8/2018,109.33,109.75,108.76,109.49
8/9/2018,109.71,110.16,109.6,109.67
8/10/2018,109.42,109.69,108.38,109
8/13/2018,109.24,109.58,108.1,108.21
8/14/2018,108.56,109.75,108.04,109.56
8/15/2018,108.49,108.99,106.82,107.66
8/16/2018,108.3,108.86,107.3,107.64
8/17/2018,107.36,107.9,106.69,107.58
8/20/2018,107.51,107.9,106.48,106.87
8/21/2018,106.92,107.35,105.85,105.98
8/22/2018,105.85,107.34,105.78,107.06
8/23/2018,107.15,108.18,106.87,107.56
8/24/2018,107.67,108.56,107.56,108.4
8/27/2018,109.27,109.64,108.51,109.6
8/28/2018,109.94,110.5,109.79,110.26
8/29/2018,110.45,112.03,110.27,112.02
8/30/2018,111.67,112.61,111.44,111.95
8/31/2018,111.69,112.78,111.52,112.33
9/4/2018,110.85,111.96,110.22,111.71
9/5/2018,111.01,111.42,108.1,108.49
9/6/2018,108.25,108.99,107.51,108.74
9/7/2018,108.23,108.72,107.23,108.21
9/10/2018,108.84,109.64,108.36,109.38
9/11/2018,108.9,111.59,108.89,111.24
9/12/2018,111.43,111.85,110.51,111.71
9/13/2018,112.12,113.73,112.12,112.91
9/14/2018,113.36,113.73,112.44,113.37
9/17/2018,113.69,113.7,111.86,112.14
9/18/2018,112.19,113.7,111.72,113.21
9/19/2018,113.05,113.32,111.04,111.7
9/20/2018,112.28,113.8,111.93,113.57
9/21/2018,114,115.29,113.51,114.26
9/24/2018,113.03,114.9,112.22,114.67
9/25/2018,114.8,115.1,113.75,114.45
9/26/2018,114.47,115.06,113.74,113.98
9/27/2018,114.78,114.91,114.2,114.41
9/28/2018,114.19,114.57,113.68,114.37
10/1/2018,114.75,115.68,114.73,115.61
10/2/2018,115.3,115.84,114.44,115.15
10/3/2018,115.42,116.18,114.93,115.17
10/4/2018,114.61,114.76,111.63,112.79
10/5/2018,112.63,113.17,110.64,112.13
10/8/2018,111.66,112.03,109.34,110.85
10/9/2018,111.14,113.08,110.8,112.26
10/10/2018,111.24,111.5,105.79,106.16
10/11/2018,105.35,108.93,104.2,105.91
10/12/2018,109.01,111.24,107.12,109.57
10/15/2018,108.91,109.48,106.95,107.6
10/16/2018,109.54,111.41,108.95,111
10/17/2018,111.68,111.81,109.55,110.71
10/18/2018,110.1,110.53,107.83,108.5
10/19/2018,108.93,110.86,108.21,108.66
10/22/2018,109.32,110.54,108.24,109.63
10/23/2018,107.77,108.97,105.11,108.1
10/24/2018,108.41,108.49,101.59,102.32
10/25/2018,106.55,109.27,106.15,108.3
10/26/2018,105.69,108.75,104.76,106.96
10/29/2018,108.11,108.7,101.63,103.85
10/30/2018,103.66,104.38,100.11,103.73
10/31/2018,105.44,108.14,105.39,106.81
11/1/2018,107.05,107.32,105.53,105.92
11/2/2018,106.48,107.32,104.98,106.16
11/5/2018,106.37,107.74,105.9,107.51
11/6/2018,107.38,108.84,106.28,107.72
11/7/2018,109.44,112.24,109.4,111.96
11/8/2018,111.8,112.21,110.91,111.75
11/9/2018,110.85,111.45,108.76,109.57
11/12/2018,109.42,109.96,106.1,106.87
11/13/2018,107.55,108.74,106.64,106.94
11/14/2018,108.1,108.26,104.47,104.97
11/15/2018,104.99,107.8,103.91,107.28
11/16/2018,107.08,108.88,106.8,108.29
11/19/2018,108.27,108.56,103.55,104.62
11/20/2018,101.8,102.97,99.35,101.71
11/21/2018,103.6,104.43,102.24,103.11
11/23/2018,102.17,103.81,102,103.07
11/26/2018,104.79,106.63,104.58,106.47
11/27/2018,106.27,107.33,105.36,107.14
11/28/2018,107.89,111.33,107.86,111.12
11/29/2018,110.33,111.12,109.03,110.19
11/30/2018,110.7,110.97,109.36,110.89
12/3/2018,113,113.42,110.73,112.09
12/4/2018,111.94,112.64,108.21,108.52
12/6/2018,105.82,109.24,105,109.19
12/7/2018,108.38,109.45,104.3,104.82
12/10/2018,104.8,107.98,103.89,107.59
12/11/2018,109.8,110.95,107.44,108.59
12/12/2018,110.89,111.27,109.04,109.08
12/13/2018,109.58,110.87,108.63,109.45
12/14/2018,108.25,109.26,105.5,106.03
12/17/2018,105.41,105.8,101.71,102.89
12/18/2018,103.75,104.51,102.52,103.97
12/19/2018,103.65,106.88,101.35,103.69
12/20/2018,103.05,104.31,98.78,101.51
12/21/2018,101.63,103,97.46,98.23
12/24/2018,97.68,97.97,93.98,94.13
12/26/2018,95.14,100.69,93.96,100.56
12/27/2018,99.3,101.19,96.4,101.18
12/28/2018,102.09,102.41,99.52,100.39
12/31/2018,101.29,102.4,100.44,101.57
1/2/2019,99.55,101.75,98.94,101.12
1/3/2019,100.1,100.19,97.2,97.4
1/4/2019,99.72,102.51,98.93,101.93
1/7/2019,101.64,103.27,100.98,102.06
1/8/2019,103.04,103.97,101.71,102.8
1/9/2019,103.86,104.88,103.24,104.27
1/10/2019,103.22,103.75,102.38,103.6
1/11/2019,103.19,103.44,101.64,102.8
1/14/2019,101.9,102.87,101.26,102.05
1/15/2019,102.51,105.05,101.88,105.01
1/16/2019,105.26,106.26,104.96,105.38
1/17/2019,105,106.63,104.76,106.12
1/18/2019,107.46,107.9,105.91,107.71
1/22/2019,106.75,107.1,104.86,105.68
1/23/2019,106.12,107.04,105.34,106.71
1/24/2019,106.86,107,105.34,106.2
1/25/2019,107.24,107.88,106.59,107.17
1/28/2019,106.26,106.48,104.66,105.08
1/29/2019,104.88,104.97,102.17,102.94
1/30/2019,104.62,106.38,104.33,106.38
1/31/2019,103.8,105.22,103.18,104.43
2/1/2019,103.78,104.1,102.35,102.78
2/4/2019,102.87,105.8,102.77,105.74
2/5/2019,106.06,107.27,105.96,107.22
2/6/2019,107,107,105.53,106.03
2/7/2019,105.19,105.59,104.29,105.27
2/8/2019,104.39,105.78,104.26,105.67
2/11/2019,106.2,106.58,104.97,105.25
2/12/2019,106.14,107.14,105.48,106.89
2/13/2019,107.5,107.78,106.71,106.81
2/14/2019,106.31,107.29,105.66,106.9
2/15/2019,107.91,108.3,107.36,108.22
2/19/2019,107.79,108.66,107.78,108.17
2/20/2019,107.86,107.94,106.29,107.15
2/21/2019,106.9,109.48,106.87,109.41
2/22/2019,110.05,111.2,109.82,110.97
2/25/2019,111.76,112.18,111.26,111.59
2/26/2019,111.26,113.24,111.17,112.36
2/27/2019,111.69,112.36,110.88,112.17
2/28/2019,112.04,112.88,111.73,112.03
3/1/2019,112.89,113.02,111.67,112.53
3/4/2019,113.02,113.25,110.8,112.26
3/5/2019,112.25,112.39,111.23,111.7
3/6/2019,111.87,112.66,111.43,111.75
3/7/2019,111.4,111.55,109.87,110.39
3/8/2019,109.16,110.71,108.8,110.51
3/11/2019,110.99,112.95,110.98,112.83
3/12/2019,112.82,113.99,112.65,113.62
3/13/2019,114.13,115,113.78,114.5
3/14/2019,114.54,115.2,114.33,114.59
3/15/2019,115.34,117.25,114.59,115.91
3/18/2019,116.17,117.61,116.05,117.57
3/19/2019,118.09,118.44,116.99,117.65
3/20/2019,117.39,118.75,116.71,117.52
3/21/2019,117.14,120.82,117.09,120.22
3/22/2019,119.5,119.59,117.04,117.05
3/25/2019,116.56,118.01,116.32,117.66
3/26/2019,118.62,118.71,116.85,117.91
3/27/2019,117.88,118.21,115.52,116.77
3/28/2019,117.44,117.58,116.13,116.93
3/29/2019,118.07,118.32,116.96,117.94
4/1/2019,118.95,119.11,118.1,119.02
4/2/2019,119.06,119.48,118.52,119.19
4/3/2019,119.86,120.43,119.15,119.97
4/4/2019,120.1,120.23,118.38,119.36
4/5/2019,119.39,120.23,119.37,119.89
4/8/2019,119.81,120.02,118.64,119.93
4/9/2019,118.63,119.54,118.58,119.28
4/10/2019,119.76,120.35,119.54,120.19
4/11/2019,120.54,120.85,119.92,120.33
4/12/2019,120.64,120.98,120.37,120.95
4/15/2019,120.94,121.58,120.57,121.05
4/16/2019,121.64,121.65,120.1,120.77
4/17/2019,121.24,121.85,120.54,121.77
4/18/2019,122.19,123.52,121.3,123.37
4/22/2019,122.62,124,122.57,123.76
4/23/2019,124.1,125.58,123.83,125.44
4/24/2019,125.79,125.85,124.52,125.01
4/25/2019,130.06,131.37,128.83,129.15
4/26/2019,129.7,130.52,129.02,129.89
4/29/2019,129.9,130.18,129.35,129.77
4/30/2019,129.81,130.7,129.39,130.6
5/1/2019,130.53,130.65,127.7,127.88
5/2/2019,127.98,128,125.52,126.21
5/3/2019,127.36,129.43,127.25,128.9
5/6/2019,126.39,128.56,126.11,128.15
5/7/2019,126.46,127.18,124.22,125.52
5/8/2019,125.44,126.37,124.75,125.51
5/9/2019,124.29,125.79,123.57,125.5
5/10/2019,124.91,127.93,123.82,127.13
5/13/2019,124.11,125.55,123.04,123.35
5/14/2019,123.87,125.88,123.7,124.73
5/15/2019,124.26,126.71,123.7,126.02
5/16/2019,126.75,129.38,126.46,128.93
5/17/2019,128.31,130.46,127.92,128.07
5/20/2019,126.52,127.59,125.76,126.22
5/21/2019,127.43,127.53,126.58,126.9
5/22/2019,126.62,128.24,126.52,127.67
5/23/2019,126.2,126.29,124.74,126.18
5/24/2019,126.91,127.42,125.97,126.24
5/28/2019,126.98,128,126.05,126.16
5/29/2019,125.38,125.39,124.04,124.94
5/30/2019,125.26,125.76,124.78,125.73
5/31/2019,124.23,124.62,123.32,123.68
6/3/2019,123.85,124.37,119.01,119.84
6/4/2019,121.28,123.28,120.65,123.16
6/5/2019,124.95,125.87,124.21,125.83
6/6/2019,126.44,127.97,125.6,127.82
6/7/2019,129.19,132.25,128.26,131.4
6/10/2019,132.4,134.08,132,132.6
6/11/2019,133.88,134.24,131.28,132.1
6/12/2019,131.4,131.97,130.71,131.49
6/13/2019,131.98,132.67,131.56,132.32
6/14/2019,132.26,133.79,131.64,132.45
6/17/2019,132.63,133.73,132.53,132.85
6/18/2019,134.19,135.24,133.57,135.16
6/19/2019,135,135.93,133.81,135.69
6/20/2019,137.45,137.66,135.72,136.95
6/21/2019,136.58,137.73,136.46,136.97
6/24/2019,137,138.4,137,137.78
6/25/2019,137.25,137.59,132.73,133.43
6/26/2019,134.35,135.74,133.6,133.93
6/27/2019,134.14,134.71,133.51,134.15
6/28/2019,134.57,134.6,133.16,133.96
7/1/2019,136.63,136.7,134.97,135.68
7/2/2019,136.12,136.59,135.34,136.58
7/3/2019,136.8,137.74,136.3,137.46
7/5/2019,135.94,137.33,135.72,137.06
7/8/2019,136.4,137.1,135.37,136.96
7/9/2019,136,136.97,135.8,136.46
7/10/2019,137.13,138.58,137.02,137.85
7/11/2019,138.2,139.22,137.87,138.4
7/12/2019,138.85,139.13,138.01,138.9
7/15/2019,139.44,139.54,138.46,138.9
7/16/2019,138.96,139.05,136.52,137.08
7/17/2019,137.7,137.93,136.22,136.27
7/18/2019,135.55,136.62,134.67,136.42
7/19/2019,140.22,140.67,136.45,136.62
7/22/2019,137.41,139.19,137.33,138.43
7/23/2019,139.76,139.99,138.03,139.29
7/24/2019,138.9,140.74,138.85,140.72
7/25/2019,140.43,140.61,139.32,140.19
7/26/2019,140.37,141.68,140.3,141.34
7/29/2019,141.5,141.51,139.37,141.03
7/30/2019,140.14,141.22,139.8,140.35
7/31/2019,140.33,140.49,135.08,136.27
8/1/2019,137,140.94,136.93,138.06
8/2/2019,138.09,138.32,135.26,136.9
8/5/2019,133.3,133.93,130.78,132.21
8/6/2019,133.8,135.68,133.21,134.69
8/7/2019,133.79,135.65,131.83,135.28
8/8/2019,136.6,138.99,135.93,138.89
8/9/2019,138.61,139.38,136.46,137.71
8/12/2019,137.07,137.86,135.24,135.79
8/13/2019,136.05,138.8,135,138.6
8/14/2019,136.36,136.92,133.67,133.98
8/15/2019,134.39,134.58,132.25,133.68
8/16/2019,134.88,136.46,134.72,136.13
8/19/2019,137.86,138.55,136.89,138.41
8/20/2019,138.21,138.71,137.24,137.26
8/21/2019,138.55,139.49,138,138.79
8/22/2019,138.66,139.2,136.29,137.78
8/23/2019,137.19,138.35,132.8,133.39
8/26/2019,134.99,135.56,133.9,135.45
8/27/2019,136.39,136.72,134.66,135.74
8/28/2019,134.88,135.76,133.55,135.56
8/29/2019,137.25,138.44,136.91,138.12
8/30/2019,139.15,139.18,136.27,137.86
9/3/2019,136.61,137.2,135.7,136.04
9/4/2019,137.3,137.69,136.48,137.63
9/5/2019,139.11,140.38,138.76,140.05
9/6/2019,140.03,140.18,138.2,139.1
9/9/2019,139.59,139.75,136.46,137.52
9/10/2019,136.8,136.89,134.51,136.08
9/11/2019,135.91,136.27,135.09,136.12
9/12/2019,137.85,138.42,136.87,137.52
9/13/2019,137.78,138.06,136.57,137.32
9/16/2019,135.83,136.7,135.66,136.33
9/17/2019,136.96,137.52,136.43,137.39
9/18/2019,137.36,138.67,136.53,138.52
9/19/2019,140.3,142.37,140.07,141.07
9/20/2019,141.01,141.65,138.25,139.44
9/23/2019,139.23,139.63,138.44,139.14
9/24/2019,140.36,140.69,136.88,137.38
9/25/2019,137.5,139.96,136.03,139.36
9/26/2019,139.44,140.18,138.44,139.54
9/27/2019,140.15,140.36,136.65,137.73
9/30/2019,138.05,139.22,137.78,139.03
10/1/2019,139.66,140.25,137,137.07
10/2/2019,136.25,136.37,133.58,134.65
10/3/2019,134.95,136.75,133.22,136.28
10/4/2019,136.75,138.25,136.42,138.12
10/7/2019,137.14,138.18,137.02,137.12
10/8/2019,137.08,137.76,135.62,135.67
10/9/2019,137.46,138.7,136.97,138.24
10/10/2019,138.49,139.67,138.25,139.1
10/11/2019,140.12,141.03,139.5,139.68
10/14/2019,139.69,140.29,139.52,139.55
10/15/2019,140.06,141.79,139.81,141.58
10/16/2019,140.79,140.99,139.53,140.41
10/17/2019,140.95,141.42,139.02,139.69
10/18/2019,139.76,140,136.56,137.41
10/21/2019,138.45,138.5,137.01,138.43
10/22/2019,138.97,140.01,136.26,136.37
10/23/2019,136.88,137.45,135.61,137.24
10/24/2019,139.39,140.42,138.67,139.94
10/25/2019,139.34,141.14,139.2,140.73
10/28/2019,144.4,145.67,143.51,144.19
10/29/2019,144.08,144.5,142.65,142.83
10/30/2019,143.52,145,142.79,144.61
10/31/2019,144.9,144.93,142.99,143.37
11/1/2019,144.26,144.42,142.97,143.72
11/4/2019,144.83,145,144.16,144.55
11/5/2019,144.97,145.02,143.91,144.46
11/6/2019,144.37,144.52,143.2,144.06
11/7/2019,143.84,144.88,143.77,144.26
11/8/2019,143.98,145.99,143.76,145.96
11/11/2019,145.34,146.42,144.73,146.11
11/12/2019,146.28,147.57,146.06,147.07
11/13/2019,146.74,147.46,146.28,147.31
11/14/2019,147.02,148.41,147,148.06
11/15/2019,148.93,149.99,148.27,149.97
11/18/2019,150.07,150.55,148.98,150.34
11/19/2019,150.88,151.33,150.2,150.39
11/20/2019,150.31,150.84,148.46,149.62
11/21/2019,149.4,149.8,148.5,149.48
11/22/2019,150.07,150.3,148.82,149.59
11/25/2019,150,151.35,149.92,151.23
11/26/2019,151.36,152.42,151.32,152.03
11/27/2019,152.33,152.5,151.52,152.32
11/29/2019,152.1,152.3,151.28,151.38
12/2/2019,151.81,151.83,148.32,149.55
12/3/2019,147.49,149.43,146.65,149.31
12/4/2019,150.14,150.18,149.2,149.85
12/5/2019,150.05,150.32,149.48,149.93
12/6/2019,150.99,151.87,150.27,151.75
12/9/2019,151.07,152.21,150.91,151.36
12/10/2019,151.29,151.89,150.77,151.13
12/11/2019,151.54,151.87,150.33,151.7
12/12/2019,151.65,153.44,151.02,153.24
12/13/2019,153,154.89,152.83,154.53
12/16/2019,155.11,155.9,154.82,155.53
12/17/2019,155.45,155.71,154.45,154.69
12/18/2019,154.3,155.48,154.18,154.37
12/19/2019,154,155.77,153.75,155.71
12/20/2019,157.35,158.49,156.29,157.41
12/23/2019,158.12,158.12,157.27,157.41
12/24/2019,157.48,157.71,157.12,157.38
12/26/2019,157.56,158.73,157.4,158.67
12/27/2019,159.45,159.55,158.22,158.96
12/30/2019,158.99,159.02,156.73,157.59
12/31/2019,156.77,157.77,156.45,157.7
1/2/2020,158.78,160.73,158.33,160.62
1/3/2020,158.32,159.95,158.06,158.62
1/6/2020,157.08,159.1,156.51,159.03
1/7/2020,159.32,159.67,157.32,157.58
1/8/2020,158.93,160.8,157.95,160.09
1/9/2020,161.84,162.22,161.03,162.09
1/10/2020,162.82,163.22,161.18,161.34
1/13/2020,161.76,163.31,161.26,163.28
1/14/2020,163.39,163.6,161.72,162.13
1/15/2020,162.62,163.94,162.57,163.18
1/16/2020,164.35,166.24,164.03,166.17
1/17/2020,167.42,167.47,165.43,167.1
1/21/2020,166.68,168.19,166.43,166.5
1/22/2020,167.4,167.49,165.68,165.7
1/23/2020,166.19,166.8,165.27,166.72
1/24/2020,167.51,167.53,164.45,165.04
1/27/2020,161.15,163.38,160.2,162.28
1/28/2020,163.78,165.76,163.07,165.46
1/29/2020,167.84,168.75,165.69,168.04
1/30/2020,174.05,174.05,170.79,172.78
1/31/2020,172.21,172.4,169.58,170.23
2/3/2020,170.43,174.5,170.4,174.38
2/4/2020,177.14,180.64,176.31,180.12
2/5/2020,184.03,184.2,178.41,179.9
2/6/2020,180.97,183.82,180.06,183.63
2/7/2020,182.85,185.63,182.48,183.89
2/10/2020,183.58,188.84,183.25,188.7
2/11/2020,190.65,190.7,183.5,184.44
2/12/2020,185.58,185.85,181.85,184.71
2/13/2020,183.08,186.23,182.87,183.71
2/14/2020,183.25,185.41,182.65,185.35
2/18/2020,185.61,187.7,185.5,187.23
2/19/2020,188.06,188.18,186.47,187.28
2/20/2020,186.95,187.25,181.1,184.42
2/21/2020,183.17,183.5,177.25,178.59
2/24/2020,167.77,174.55,163.23,170.89
2/25/2020,174.2,174.84,167.65,168.07
2/26/2020,169.71,173.26,168.21,170.17
2/27/2020,163.32,167.03,157.98,158.18
2/28/2020,152.41,163.71,152,162.01
3/2/2020,165.31,172.92,162.31,172.79
3/3/2020,173.8,175,162.26,164.51
3/4/2020,168.49,170.7,165.62,170.55
3/5/2020,166.05,170.87,165.69,166.27
3/6/2020,162.61,163.11,156,161.57
3/9/2020,151,157.75,150,150.62
3/10/2020,158.16,161.03,152.58,160.92
3/11/2020,157.13,157.7,151.15,153.63
3/12/2020,145.3,153.47,138.58,139.06
3/13/2020,147.5,161.91,140.73,158.83
3/16/2020,140,149.35,135,135.42
3/17/2020,140,147.5,135,146.57
3/18/2020,138,146,135.02,140.4
3/19/2020,142.77,150.15,139,142.71
3/20/2020,146,147.1,135.86,137.35
3/23/2020,137.01,140.57,132.52,135.98
3/24/2020,143.75,149.6,141.27,148.34
3/25/2020,148.91,154.33,144.44,146.92
3/26/2020,148.4,156.66,148.37,156.11
3/27/2020,151.75,154.89,149.2,149.7
3/30/2020,152.44,160.6,150.01,160.23
3/31/2020,159.4,164.78,156.56,157.71
4/1/2020,153,157.75,150.82,152.11
4/2/2020,151.86,155.48,150.36,155.26
4/3/2020,155.1,157.38,152.19,153.83
4/6/2020,160.32,166.5,157.58,165.27
4/7/2020,169.59,170,163.26,163.49
4/8/2020,165.67,166.67,163.5,165.13
4/9/2020,166.36,167.37,163.33,165.14
4/13/2020,164.35,165.57,162.3,165.51
4/14/2020,169,173.75,168,173.7
4/15/2020,171.2,173.57,169.24,171.88
4/16/2020,174.3,177.28,172.9,177.04
4/17/2020,179.5,180,175.87,178.6
4/20/2020,176.63,178.75,174.99,175.06
4/21/2020,173.5,173.67,166.11,167.82
4/22/2020,171.39,174,170.82,173.52
4/23/2020,174.11,175.06,170.91,171.42
4/24/2020,172.06,174.56,170.71,174.55
4/27/2020,176.59,176.9,173.3,174.05
4/28/2020,175.59,175.67,169.39,169.81
4/29/2020,173.22,177.68,171.88,177.43
4/30/2020,180,180.4,176.23,179.21
5/1/2020,175.8,178.64,174.01,174.57
5/4/2020,174.49,179,173.8,178.84
5/5/2020,180.62,183.65,179.9,180.76
5/6/2020,182.08,184.2,181.63,182.54
5/7/2020,184.17,184.55,182.58,183.6
5/8/2020,184.98,185,183.36,184.68
5/11/2020,183.15,187.51,182.85,186.74
5/12/2020,186.8,187.04,182.3,182.51
5/13/2020,182.55,184.05,176.54,179.75
5/14/2020,177.54,180.69,175.68,180.53
5/15/2020,179.06,187.06,177,183.16
5/18/2020,185.75,186.2,183.96,184.91
5/19/2020,185.03,186.6,183.49,183.63
5/20/2020,184.81,185.85,183.94,185.66
5/21/2020,185.4,186.67,183.29,183.43
5/22/2020,183.19,184.46,182.54,183.51
5/26/2020,186.34,186.5,181.1,181.57
5/27/2020,180.2,181.99,176.6,181.81
5/28/2020,180.74,184.15,180.38,181.4
5/29/2020,182.73,184.27,180.41,183.25
6/1/2020,182.54,183,181.46,182.83
6/2/2020,184.25,185,181.35,184.91
6/3/2020,184.82,185.94,183.58,185.36
6/4/2020,184.3,185.84,182.3,182.92
6/5/2020,182.62,187.73,182.01,187.2
6/8/2020,185.94,188.55,184.44,188.36
6/9/2020,188,190.7,187.26,189.8
6/10/2020,191.13,198.52,191.01,196.84
6/11/2020,193.13,195.76,186.07,186.27
6/12/2020,190.54,191.72,185.18,187.74
6/15/2020,184.58,190.82,184.01,188.94
6/16/2020,192.89,195.58,191.46,193.57
6/17/2020,195.03,196.32,193.69,194.24
6/18/2020,194,196.49,194,196.32
6/19/2020,198.59,199.29,194.37,195.15
6/22/2020,195.79,200.76,195.23,200.57
6/23/2020,202.09,203.95,201.43,201.91
6/24/2020,201.6,203.25,196.56,197.84
6/25/2020,197.8,200.61,195.47,200.34
6/26/2020,199.73,199.89,194.88,196.33
6/29/2020,195.78,198.53,193.55,198.44
6/30/2020,197.88,204.4,197.74,203.51
7/1/2020,203.14,206.35,201.77,204.7
7/2/2020,205.68,208.02,205,206.26
7/6/2020,208.83,211.13,208.09,210.7
7/7/2020,210.45,214.67,207.99,208.25
7/8/2020,210.07,213.26,208.69,212.83
7/9/2020,216.33,216.38,211.47,214.32
7/10/2020,213.62,214.08,211.08,213.67
7/13/2020,214.48,215.8,206.5,207.07
7/14/2020,206.13,208.85,202.03,208.35
7/15/2020,209.56,211.33,205.03,208.04
7/16/2020,205.4,205.7,202.31,203.92
7/17/2020,204.47,205.04,201.39,202.88
7/20/2020,205,212.3,203.01,211.6
7/21/2020,213.66,213.94,208.03,208.75
7/22/2020,209.2,212.3,208.39,211.75
7/23/2020,207.19,210.92,202.15,202.54
7/24/2020,200.42,202.86,197.51,201.3
7/27/2020,201.47,203.97,200.86,203.85
7/28/2020,203.61,204.7,201.74,202.02
7/29/2020,202.5,204.65,202.01,204.06
7/30/2020,201,204.46,199.57,203.9
7/31/2020,204.4,205.1,199.01,205.01
8/3/2020,211.52,217.64,210.44,216.54
8/4/2020,214.17,214.77,210.31,213.29
8/5/2020,214.9,215,211.57,212.94
8/6/2020,212.34,216.37,211.55,216.35
8/7/2020,214.85,215.7,210.93,212.48
8/10/2020,211.67,211.88,206.35,208.25
8/11/2020,207.16,207.65,203.14,203.38
8/12/2020,205.29,210.28,204.75,209.19
8/13/2020,209.44,211.35,208.15,208.7
8/14/2020,208.76,209.59,207.51,208.9
8/17/2020,209.6,211.19,208.92,210.28
8/18/2020,210.53,212.36,209.21,211.49
8/19/2020,211.49,212.1,209.25,209.7
8/20/2020,209.54,215,208.91,214.58
8/21/2020,213.86,216.25,212.85,213.02
8/24/2020,214.79,215.52,212.43,213.69
8/25/2020,213.1,216.61,213.1,216.47
8/26/2020,217.88,222.09,217.36,221.15
8/27/2020,222.89,231.15,219.4,226.58
8/28/2020,228.18,230.64,226.58,228.91
8/31/2020,227,228.7,224.31,225.53
9/1/2020,225.51,227.45,224.43,227.27
9/2/2020,227.97,232.86,227.35,231.65
9/3/2020,229.27,229.31,214.96,217.3
9/4/2020,215.1,218.36,205.19,214.25
9/8/2020,206.5,210.03,202.2,202.66
9/9/2020,207.6,214.84,206.7,211.29
9/10/2020,213.4,214.74,204.11,205.37
9/11/2020,207.2,208.63,201.24,204.03
9/14/2020,204.24,209.2,204.03,205.41
9/15/2020,208.42,209.78,206.93,208.78
9/16/2020,210.62,210.65,204.64,205.05
9/17/2020,200.05,204.33,199.96,202.91
9/18/2020,202.8,203.65,196.25,200.39
9/21/2020,197.19,202.71,196.38,202.54
9/22/2020,205.06,208.1,202.08,207.42
9/23/2020,207.9,208.1,200.03,200.59
9/24/2020,199.85,205.57,199.2,203.19
9/25/2020,203.55,209.04,202.54,207.82
9/28/2020,210.88,212.57,208.06,209.44
9/29/2020,209.35,210.07,206.81,207.26
9/30/2020,207.73,211.98,206.54,210.33
10/1/2020,213.49,213.99,211.32,212.46
10/2/2020,208,210.99,205.54,206.19
10/5/2020,207.22,210.41,206.98,210.38
10/6/2020,208.82,210.18,204.82,205.91
10/7/2020,207.06,210.11,206.72,209.83
10/8/2020,210.51,211.19,208.32,210.58
10/9/2020,211.23,215.86,211.23,215.81
10/12/2020,218.79,223.86,216.81,221.4
10/13/2020,222.72,225.21,220.43,222.86
10/14/2020,223,224.22,219.13,220.86
10/15/2020,217.1,220.36,216.01,219.66
10/16/2020,220.15,222.29,219.32,219.66
10/19/2020,220.42,222.3,213.72,214.22
10/20/2020,215.8,217.37,213.09,214.65
10/20/2020,215.8,217.37,213.09,214.65
10/21/2020,213.12,216.92,213.12,214.8
10/22/2020,213.93,216.06,211.7,214.89
10/23/2020,215.03,216.28,213.16,216.23
10/26/2020,213.85,216.34,208.1,210.08
10/27/2020,211.59,214.67,210.33,213.25
10/28/2020,207.67,208.84,202.1,202.68
10/29/2020,204.07,207.36,203.37,204.72
10/30/2020,203.5,204.29,199.62,202.47
11/2/2020,204.29,205.28,200.12,202.33
11/3/2020,203.89,208.12,203.12,206.43
11/4/2020,214.02,218.32,212.42,216.39
11/5/2020,222.04,224.12,221.15,223.29
11/6/2020,222.26,224.36,218.03,223.72
11/9/2020,224.44,228.12,217.88,218.39
11/10/2020,214.5,216.5,209.72,211.01
11/11/2020,212.39,218.04,212.2,216.55
11/12/2020,217.21,219.11,214.46,215.44
11/13/2020,216.36,217.42,214.16,216.51
11/16/2020,214.87,217.74,214.52,217.23
11/17/2020,216.1,217.68,214.08,214.46
11/18/2020,213.65,215.17,210.93,211.08
11/19/2020,211.38,213.03,209.93,212.42
11/20/2020,212.2,213.29,210,210.39
11/23/2020,210.95,212.29,208.16,210.11
11/24/2020,209.59,214.25,208.86,213.86
11/25/2020,215.11,215.29,212.46,213.87
11/27/2020,214.85,216.27,214.04,215.23
11/30/2020,214.1,214.76,210.84,214.07
12/1/2020,214.51,217.32,213.35,216.21
12/2/2020,214.88,215.47,212.8,215.37
12/3/2020,214.61,216.38,213.65,214.24
12/4/2020,214.22,215.38,213.18,214.36
12/7/2020,214.37,215.54,212.99,214.29
12/8/2020,213.97,216.95,212.89,216.01
12/9/2020,215.16,215.23,211.21,211.8
12/10/2020,211.77,213.08,210.36,210.52
12/11/2020,210.05,213.32,209.11,213.26
12/14/2020,213.1,216.21,212.88,214.2
12/15/2020,215.17,215.42,212.24,214.13
12/16/2020,214.75,220.11,214.72,219.28
12/17/2020,219.87,220.89,217.92,219.42
12/18/2020,218.59,219.69,216.02,218.59
12/21/2020,217.55,224,217.28,222.59
12/22/2020,222.69,225.63,221.85,223.94
12/23/2020,223.11,223.56,220.8,221.02
12/24/2020,221.42,223.61,221.2,222.75
12/28/2020,224.45,226.03,223.02,224.96
12/29/2020,226.31,227.18,223.58,224.15
12/30/2020,225.23,225.63,221.47,221.68
12/31/2020,221.7,223,219.68,222.42
1/4/2021,222.53,223,214.81,217.69
1/5/2021,217.26,218.52,215.7,217.9
1/6/2021,212.17,216.49,211.94,212.25
1/7/2021,214.04,219.34,213.71,218.29
1/8/2021,218.68,220.58,217.03,219.62
1/11/2021,218.47,218.91,216.73,217.49
1/12/2021,216.5,217.1,213.32,214.93
1/13/2021,214.02,216.76,213.93,216.34
1/14/2021,215.91,217.46,212.74,213.02
1/15/2021,213.52,214.51,212.03,212.65
1/19/2021,213.75,216.98,212.63,216.44
1/20/2021,217.7,225.79,217.29,224.34
1/21/2021,224.7,226.3,222.42,224.97
1/22/2021,227.08,230.07,225.8,225.95
1/25/2021,229.12,229.78,224.22,229.53
1/26/2021,231.86,234.18,230.08,232.33
1/27/2021,238,240.44,230.14,232.9
1/28/2021,235.61,242.64,235.09,238.93
1/29/2021,235.99,238.02,231.35,231.96
2/1/2021,235.06,242.5,232.43,239.65
2/2/2021,241.3,242.31,238.69,239.51
2/3/2021,239.57,245.09,239.26,243
2/4/2021,242.66,243.24,240.37,242.01
2/5/2021,242.23,243.28,240.42,242.2
2/8/2021,243.15,243.68,240.81,242.47
2/9/2021,241.87,244.76,241.38,243.77
2/10/2021,245,245.92,240.89,242.82
2/11/2021,244.78,245.15,242.15,244.49
2/12/2021,243.93,245.3,242.73,244.99
2/16/2021,245.03,246.13,242.92,243.7
2/17/2021,241.32,244.31,240.94,244.2
2/18/2021,241.8,243.93,240.86,243.79
2/19/2021,243.75,243.86,240.18,240.97
2/22/2021,237.42,237.93,232.4,234.51
2/23/2021,230.33,234.83,228.73,233.27
2/24/2021,230.01,235.2,229,234.55
2/25/2021,232.08,234.59,227.88,228.99
2/26/2021,231.53,235.37,229.54,232.38
3/1/2021,235.9,237.47,233.15,236.94
3/2/2021,237.01,237.3,233.45,233.87
3/3/2021,232.16,233.58,227.26,227.56
3/4/2021,226.74,232.49,224.26,226.73
3/5/2021,229.52,233.27,226.46,231.6
3/8/2021,231.37,233.37,227.13,227.39
3/9/2021,232.88,235.38,231.67,233.78
3/10/2021,237,237,232.04,232.42
3/11/2021,234.96,239.17,234.31,237.13
3/12/2021,234.01,235.82,233.23,235.75
3/15/2021,234.96,235.19,231.81,234.81
3/16/2021,236.28,240.06,235.94,237.71
3/17/2021,236.15,238.55,233.23,237.04
3/18/2021,232.56,234.19,230.33,230.72
3/19/2021,231.02,232.47,229.35,230.35
3/22/2021,230.27,236.9,230.14,235.99
3/23/2021,237.49,241.05,237.07,237.58
3/24/2021,237.85,238,235.32,235.46
3/25/2021,235.3,236.94,231.57,232.34
3/26/2021,231.55,236.71,231.55,236.48
3/29/2021,236.59,236.8,231.88,235.24
3/30/2021,233.53,233.85,231.1,231.85
3/31/2021,232.91,239.1,232.39,235.77
4/1/2021,238.47,242.84,238.05,242.35
4/5/2021,242.76,249.96,242.7,249.07
4/6/2021,247.61,249.4,246.88,247.86
4/7/2021,247.81,250.93,247.19,249.9
4/8/2021,252.77,254.14,252,253.25
4/9/2021,252.87,255.99,252.44,255.85
4/12/2021,254.71,257.67,254.62,255.91
4/13/2021,257.26,259.19,256.83,258.49
4/14/2021,257.48,258.83,255.16,255.59
4/15/2021,257.93,259.93,257.73,259.5
4/16/2021,259.47,261,257.6,260.74
4/19/2021,260.19,261.48,257.82,258.74
4/20/2021,257.82,260.2,256.84,258.26
4/21/2021,258.94,260.68,257.25,260.58
4/22/2021,260.21,261.78,255.64,257.17
4/23/2021,257.88,261.51,257.27,261.15
4/26/2021,261.66,262.44,260.17,261.55
4/27/2021,261.59,263.19,260.12,261.97
4/28/2021,256.08,256.54,252.95,254.56
4/29/2021,255.46,256.1,249,252.51
4/30/2021,249.74,253.08,249.6,252.18
5/3/2021,253.4,254.35,251.12,251.86
5/4/2021,250.97,251.21,245.76,247.79
5/5/2021,249.06,249.5,245.82,246.47
5/6/2021,246.45,249.86,244.69,249.73
5/7/2021,252.15,254.3,251.17,252.46
5/10/2021,250.87,251.73,247.12,247.18
5/11/2021,244.55,246.6,242.57,246.23
5/12/2021,242.17,244.38,238.07,239
5/13/2021,241.8,245.6,241.42,243.03
5/14/2021,245.58,249.18,245.49,248.15
5/17/2021,246.55,246.59,243.52,245.18
5/18/2021,246.27,246.41,242.9,243.08
5/19/2021,239.31,243.23,238.6,243.12
5/20/2021,243.96,247.95,243.86,246.48
5/21/2021,247.57,248.33,244.74,245.17
5/24/2021,247.79,251.16,247.51,250.78
5/25/2021,251.77,252.75,250.82,251.72
5/26/2021,251.43,252.94,250.75,251.49
5/27/2021,251.17,251.48,249.25,249.31
5/28/2021,251,252.08,249.56,249.68
6/1/2021,251.23,251.29,246.96,247.4
6/2/2021,248.13,249.27,245.84,247.3
6/3/2021,245.22,246.34,243,245.71
6/4/2021,247.76,251.65,247.51,250.79
6/7/2021,249.98,254.09,249.81,253.81
6/8/2021,255.16,256.01,252.51,252.57
6/9/2021,253.81,255.53,253.21,253.59
6/10/2021,254.29,257.46,253.67,257.24
6/11/2021,257.99,258.49,256.61,257.89
6/14/2021,257.9,259.95,256.8,259.89
6/15/2021,259.78,259.99,257.68,258.36
6/16/2021,259.4,260.58,254.42,257.38
6/17/2021,256.07,261.75,256.01,260.9
6/18/2021,259.63,262.3,258.75,259.43
6/21/2021,259.82,263.52,257.92,262.63
6/22/2021,262.72,265.79,262.4,265.51
6/23/2021,265.99,266.83,264.43,265.28
6/24/2021,266.16,267.85,265.47,266.69
6/25/2021,266.23,267.25,264.76,265.02
6/28/2021,266.19,268.9,265.91,268.72
6/29/2021,268.87,271.65,267.98,271.4
6/30/2021,270.69,271.36,269.6,270.9
7/1/2021,269.61,271.84,269.6,271.6
7/2/2021,272.82,278,272.5,277.65
7/6/2021,278.03,279.37,274.3,277.66
7/7/2021,279.4,280.69,277.15,279.93
7/8/2021,276.9,278.73,274.87,277.42
7/9/2021,275.72,278.05,275.32,277.94
7/12/2021,279.16,279.77,276.58,277.32
7/13/2021,277.52,282.85,277.39,280.98
7/14/2021,282.35,283.66,280.55,282.51
7/15/2021,282,282.51,279.83,281.03
7/16/2021,282.07,284.1,279.46,280.75
7/19/2021,278.93,280.37,274.45,277.01
7/20/2021,278.03,280.97,276.26,279.32
7/21/2021,278.91,281.52,277.29,281.4
7/22/2021,283.84,286.42,283.42,286.14
7/23/2021,287.37,289.99,286.5,289.67
7/26/2021,289,289.69,286.64,289.05
7/27/2021,289.43,289.58,282.95,286.54
7/28/2021,288.99,290.15,283.83,286.22
7/29/2021,286.24,288.62,286.08,286.5
7/30/2021,285.17,286.66,283.91,284.91
8/2/2021,286.36,286.78,283.74,284.82
8/3/2021,285.42,287.23,284,287.12
8/4/2021,286.22,287.59,284.65,286.51
8/5/2021,286.88,289.63,286.1,289.52
8/6/2021,288.51,289.5,287.62,289.46
8/9/2021,289.75,291.55,287.81,288.33
8/10/2021,288.8,289.25,285.2,286.44
8/11/2021,287.21,288.66,285.86,286.95
8/12/2021,286.63,289.97,286.34,289.81
8/13/2021,289.48,292.9,289.3,292.85
8/16/2021,293.19,294.82,290.02,294.6
8/17/2021,292.39,293.43,291.08,293.08
8/18/2021,292.04,294.82,290.27,290.73
8/19/2021,288.69,297.47,288.64,296.77
8/20/2021,299.72,305.84,298.06,304.36
8/23/2021,303.25,305.4,301.85,304.65
8/24/2021,305.02,305.65,302,302.62
8/25/2021,304.3,304.59,300.42,302.01
8/26/2021,300.99,302.43,298.95,299.09
8/27/2021,298.99,300.87,296.83,299.72
8/30/2021,301.12,304.22,301.06,303.59
8/31/2021,304.42,304.5,301.5,301.88
9/1/2021,302.87,305.19,301.49,301.83
9/2/2021,302.2,303.36,300.18,301.15
9/3/2021,300.99,302.6,300.26,301.14
9/7/2021,301.01,301.09,298.2,300.18
9/8/2021,299.78,300.61,297.47,300.21
9/9/2021,300.82,302.14,297,297.25
9/10/2021,298.42,299.92,295.38,295.71
9/13/2021,297.55,298.54,294.08,296.99
9/14/2021,299.56,301.39,298.1,299.79
9/15/2021,303.26,305.32,301.82,304.82
9/16/2021,303.76,305.31,300.76,305.22
9/17/2021,304.17,304.5,299.53,299.87
9/20/2021,296.33,298.72,289.52,294.3
9/21/2021,295.69,297.54,294.07,294.8
9/22/2021,296.73,300.22,294.51,298.58
9/23/2021,298.85,300.9,297.53,299.56
9/24/2021,298.23,299.8,296.93,299.35
9/27/2021,296.14,296.47,292.94,294.17
9/28/2021,289.8,290.78,282.75,283.52
9/29/2021,285.1,286.77,283.01,284
9/30/2021,285.71,287.83,281.62,281.92
10/1/2021,282.12,289.98,281.29,289.1
10/4/2021,287.4,287.75,280.25,283.11
10/5/2021,284.05,290.4,284.05,288.76
10/6/2021,285.78,293.63,285.51,293.11
10/7/2021,295.18,296.64,293.92,294.85
10/8/2021,296.22,296.64,293.76,294.85
10/11/2021,292.92,297.97,292.75,294.23
10/12/2021,295.34,295.44,292.35,292.88
10/13/2021,294.91,297.28,293.49,296.31
10/14/2021,299.21,303.27,297.83,302.75
10/15/2021,302.34,304.45,300.52,304.21
10/18/2021,303.57,308.21,302.69,307.29
10/19/2021,308.35,309.3,307.22,308.23
10/20/2021,309.21,309.7,306.11,307.41
